Выборка банков;;;;;;;;;;;;;;;;;;;;;;;;;;;;;;;;;;;;;;;;;;;;;;;;;;;;;;;;;;;;;;;;;;;;;;;;;;;;;;;;;;;;;;;;;;;;;;;;;;;;;;;;;;;;;;;;;;;;;;;;;;;;;;;;;;;;;;;;;;;;;;;;;;;;;;;;;;;;;;;;;;;;;;;;;;;;;;;;;;;;;;;;;;;;;;;;;;;
;;;;;;;;;;;;;;;;;;;;;;;;;;;;;;;;;;;;;;;;;;;;;;;;;;;;;;;;;;;;;;;;;;;;;;;;;;;;;;;;;;;;;;;;;;;;;;;;;;;;;;;;;;;;;;;;;;;;;;;;;;;;;;;;;;;;;;;;;;;;;;;;;;;;;;;;;;;;;;;;;;;;;;;;;;;;;;;;;;;;;;;;;;;;;;;;;;;
№;Наименование;Статус;Банковский идентификационный номер;2016 - 2мес., Прибыль (убыток) до налогообложения, RUB;2016 - 3мес., Прибыль (убыток) до налогообложения, RUB;2016 - 4мес., Прибыль (убыток) до налогообложения, RUB;2016 - 5мес., Прибыль (убыток) до налогообложения, RUB;2016 - 6мес., Прибыль (убыток) до налогообложения, RUB;2016 - 7мес., Прибыль (убыток) до налогообложения, RUB;2016 - 8мес., Прибыль (убыток) до налогообложения, RUB;2016 - 9мес., Прибыль (убыток) до налогообложения, RUB;2016 - 10мес., Прибыль (убыток) до налогообложения, RUB;2016 - 11мес., Прибыль (убыток) до налогообложения, RUB;2016 - 12мес., Прибыль (убыток) до налогообложения, RUB;2017 - 1мес., Прибыль (убыток) до налогообложения, RUB;2016 - 2мес., Коррсчета (ЛОРО), RUB;2016 - 3мес., Коррсчета (ЛОРО), RUB;2016 - 4мес., Коррсчета (ЛОРО), RUB;2016 - 5мес., Коррсчета (ЛОРО), RUB;2016 - 6мес., Коррсчета (ЛОРО), RUB;2016 - 7мес., Коррсчета (ЛОРО), RUB;2016 - 8мес., Коррсчета (ЛОРО), RUB;2016 - 9мес., Коррсчета (ЛОРО), RUB;2016 - 10мес., Коррсчета (ЛОРО), RUB;2016 - 11мес., Коррсчета (ЛОРО), RUB;2016 - 12мес., Коррсчета (ЛОРО), RUB;2017 - 1мес., Коррсчета (ЛОРО), RUB;2016 - 2мес., Кредиты других банков (МБК), RUB;2016 - 3мес., Кредиты других банков (МБК), RUB;2016 - 4мес., Кредиты других банков (МБК), RUB;2016 - 5мес., Кредиты других банков (МБК), RUB;2016 - 6мес., Кредиты других банков (МБК), RUB;2016 - 7мес., Кредиты других банков (МБК), RUB;2016 - 8мес., Кредиты других банков (МБК), RUB;2016 - 9мес., Кредиты других банков (МБК), RUB;2016 - 10мес., Кредиты других банков (МБК), RUB;2016 - 11мес., Кредиты других банков (МБК), RUB;2016 - 12мес., Кредиты других банков (МБК), RUB;2017 - 1мес., Кредиты других банков (МБК), RUB;2016 - 2мес., Средства клиентов, RUB;2016 - 3мес., Средства клиентов, RUB;2016 - 4мес., Средства клиентов, RUB;2016 - 5мес., Средства клиентов, RUB;2016 - 6мес., Средства клиентов, RUB;2016 - 7мес., Средства клиентов, RUB;2016 - 8мес., Средства клиентов, RUB;2016 - 9мес., Средства клиентов, RUB;2016 - 10мес., Средства клиентов, RUB;2016 - 11мес., Средства клиентов, RUB;2016 - 12мес., Средства клиентов, RUB;2017 - 1мес., Средства клиентов, RUB;2016 - 2мес., Средства организаций на расчетных счетах, RUB;2016 - 3мес., Средства организаций на расчетных счетах, RUB;2016 - 4мес., Средства организаций на расчетных счетах, RUB;2016 - 5мес., Средства организаций на расчетных счетах, RUB;2016 - 6мес., Средства организаций на расчетных счетах, RUB;2016 - 7мес., Средства организаций на расчетных счетах, RUB;2016 - 8мес., Средства организаций на расчетных счетах, RUB;2016 - 9мес., Средства организаций на расчетных счетах, RUB;2016 - 10мес., Средства организаций на расчетных счетах, RUB;2016 - 11мес., Средства организаций на расчетных счетах, RUB;2016 - 12мес., Средства организаций на расчетных счетах, RUB;2017 - 1мес., Средства организаций на расчетных счетах, RUB;2016 - 2мес., Депозиты юридических лиц, RUB;2016 - 3мес., Депозиты юридических лиц, RUB;2016 - 4мес., Депозиты юридических лиц, RUB;2016 - 5мес., Депозиты юридических лиц, RUB;2016 - 6мес., Депозиты юридических лиц, RUB;2016 - 7мес., Депозиты юридических лиц, RUB;2016 - 8мес., Депозиты юридических лиц, RUB;2016 - 9мес., Депозиты юридических лиц, RUB;2016 - 10мес., Депозиты юридических лиц, RUB;2016 - 11мес., Депозиты юридических лиц, RUB;2016 - 12мес., Депозиты юридических лиц, RUB;2017 - 1мес., Депозиты юридических лиц, RUB;2016 - 2мес., Вклады физических лиц, RUB;2016 - 3мес., Вклады физических лиц, RUB;2016 - 4мес., Вклады физических лиц, RUB;2016 - 5мес., Вклады физических лиц, RUB;2016 - 6мес., Вклады физических лиц, RUB;2016 - 7мес., Вклады физических лиц, RUB;2016 - 8мес., Вклады физических лиц, RUB;2016 - 9мес., Вклады физических лиц, RUB;2016 - 10мес., Вклады физических лиц, RUB;2016 - 11мес., Вклады физических лиц, RUB;2016 - 12мес., Вклады физических лиц, RUB;2017 - 1мес., Вклады физических лиц, RUB;2016 - 2мес., Облигации, RUB;2016 - 3мес., Облигации, RUB;2016 - 4мес., Облигации, RUB;2016 - 5мес., Облигации, RUB;2016 - 6мес., Облигации, RUB;2016 - 7мес., Облигации, RUB;2016 - 8мес., Облигации, RUB;2016 - 9мес., Облигации, RUB;2016 - 10мес., Облигации, RUB;2016 - 11мес., Облигации, RUB;2016 - 12мес., Облигации, RUB;2017 - 1мес., Облигации, RUB;2016 - 2мес., Векселя, RUB;2016 - 3мес., Векселя, RUB;2016 - 4мес., Векселя, RUB;2016 - 5мес., Векселя, RUB;2016 - 6мес., Векселя, RUB;2016 - 7мес., Векселя, RUB;2016 - 8мес., Векселя, RUB;2016 - 9мес., Векселя, RUB;2016 - 10мес., Векселя, RUB;2016 - 11мес., Векселя, RUB;2016 - 12мес., Векселя, RUB;2017 - 1мес., Векселя, RUB;2016 - 2мес., Резервы на возможные потери, RUB;2016 - 3мес., Резервы на возможные потери, RUB;2016 - 4мес., Резервы на возможные потери, RUB;2016 - 5мес., Резервы на возможные потери, RUB;2016 - 6мес., Резервы на возможные потери, RUB;2016 - 7мес., Резервы на возможные потери, RUB;2016 - 8мес., Резервы на возможные потери, RUB;2016 - 9мес., Резервы на возможные потери, RUB;2016 - 10мес., Резервы на возможные потери, RUB;2016 - 11мес., Резервы на возможные потери, RUB;2016 - 12мес., Резервы на возможные потери, RUB;2017 - 1мес., Резервы на возможные потери, RUB;2016 - 2мес., Капитал, RUB;2016 - 3мес., Капитал, RUB;2016 - 4мес., Капитал, RUB;2016 - 5мес., Капитал, RUB;2016 - 6мес., Капитал, RUB;2016 - 7мес., Капитал, RUB;2016 - 8мес., Капитал, RUB;2016 - 9мес., Капитал, RUB;2016 - 10мес., Капитал, RUB;2016 - 11мес., Капитал, RUB;2016 - 12мес., Капитал, RUB;2017 - 1мес., Капитал, RUB;2016 - 2мес., Коэффициент покрытия Кредитного портфеля, %;2016 - 3мес., Коэффициент покрытия Кредитного портфеля, %;2016 - 4мес., Коэффициент покрытия Кредитного портфеля, %;2016 - 5мес., Коэффициент покрытия Кредитного портфеля, %;2016 - 6мес., Коэффициент покрытия Кредитного портфеля, %;2016 - 7мес., Коэффициент покрытия Кредитного портфеля, %;2016 - 8мес., Коэффициент покрытия Кредитного портфеля, %;2016 - 9мес., Коэффициент покрытия Кредитного портфеля, %;2016 - 10мес., Коэффициент покрытия Кредитного портфеля, %;2016 - 11мес., Коэффициент покрытия Кредитного портфеля, %;2016 - 12мес., Коэффициент покрытия Кредитного портфеля, %;2017 - 1мес., Коэффициент покрытия Кредитного портфеля, %;2016 - 2мес., Коэффициент обеспечения Кредитного портфеля, %;2016 - 3мес., Коэффициент обеспечения Кредитного портфеля, %;2016 - 4мес., Коэффициент обеспечения Кредитного портфеля, %;2016 - 5мес., Коэффициент обеспечения Кредитного портфеля, %;2016 - 6мес., Коэффициент обеспечения Кредитного портфеля, %;2016 - 7мес., Коэффициент обеспечения Кредитного портфеля, %;2016 - 8мес., Коэффициент обеспечения Кредитного портфеля, %;2016 - 9мес., Коэффициент обеспечения Кредитного портфеля, %;2016 - 10мес., Коэффициент обеспечения Кредитного портфеля, %;2016 - 11мес., Коэффициент обеспечения Кредитного портфеля, %;2016 - 12мес., Коэффициент обеспечения Кредитного портфеля, %;2017 - 1мес., Коэффициент обеспечения Кредитного портфеля, %;2016 - 2мес., Коэффициент просроченной задолженности в Кредитном портфеле, %;2016 - 3мес., Коэффициент просроченной задолженности в Кредитном портфеле, %;2016 - 4мес., Коэффициент просроченной задолженности в Кредитном портфеле, %;2016 - 5мес., Коэффициент просроченной задолженности в Кредитном портфеле, %;2016 - 6мес., Коэффициент просроченной задолженности в Кредитном портфеле, %;2016 - 7мес., Коэффициент просроченной задолженности в Кредитном портфеле, %;2016 - 8мес., Коэффициент просроченной задолженности в Кредитном портфеле, %;2016 - 9мес., Коэффициент просроченной задолженности в Кредитном портфеле, %;2016 - 10мес., Коэффициент просроченной задолженности в Кредитном портфеле, %;2016 - 11мес., Коэффициент просроченной задолженности в Кредитном портфеле, %;2016 - 12мес., Коэффициент просроченной задолженности в Кредитном портфеле, %;2017 - 1мес., Коэффициент просроченной задолженности в Кредитном портфеле, %;2016 - 2мес., Рентабельность активов-нетто (ROA), %;2016 - 3мес., Рентабельность активов-нетто (ROA), %;2016 - 4мес., Рентабельность активов-нетто (ROA), %;2016 - 5мес., Рентабельность активов-нетто (ROA), %;2016 - 6мес., Рентабельность активов-нетто (ROA), %;2016 - 7мес., Рентабельность активов-нетто (ROA), %;2016 - 8мес., Рентабельность активов-нетто (ROA), %;2016 - 9мес., Рентабельность активов-нетто (ROA), %;2016 - 10мес., Рентабельность активов-нетто (ROA), %;2016 - 11мес., Рентабельность активов-нетто (ROA), %;2016 - 12мес., Рентабельность активов-нетто (ROA), %;2017 - 1мес., Рентабельность активов-нетто (ROA), %;2016 - 2мес., Рентабельность собственного капитала (ROE), %;2016 - 3мес., Рентабельность собственного капитала (ROE), %;2016 - 4мес., Рентабельность собственного капитала (ROE), %;2016 - 5мес., Рентабельность собственного капитала (ROE), %;2016 - 6мес., Рентабельность собственного капитала (ROE), %;2016 - 7мес., Рентабельность собственного капитала (ROE), %;2016 - 8мес., Рентабельность собственного капитала (ROE), %;2016 - 9мес., Рентабельность собственного капитала (ROE), %;2016 - 10мес., Рентабельность собственного капитала (ROE), %;2016 - 11мес., Рентабельность собственного капитала (ROE), %;2016 - 12мес., Рентабельность собственного капитала (ROE), %;2017 - 1мес., Рентабельность собственного капитала (ROE), %
1;ИВАНОВО, АО КБ;В состоянии банкротства;042406705;5 913 000;8 463 000;11 242 000;12 190 000;42 734 000;72 998 000;64 783 000;63 493 000;9 463 000;5 499 000;22 789 000;1 003 000;0;0;0;0;0;0;0;0;0;0;0;0;34 022 000;32 789 000;32 789 000;32 789 000;31 555 000;31 555 000;31 555 000;30 321 000;30 321 000;30 321 000;29 088 000;29 088 000;2 795 016 000;2 805 285 000;2 943 877 000;2 911 365 000;2 899 445 000;2 948 440 000;3 036 494 000;3 089 127 000;3 166 266 000;3 157 479 000;3 326 006 000;3 292 205 000;337 120 000;271 557 000;292 162 000;281 834 000;289 025 000;257 195 000;313 879 000;320 945 000;383 862 000;408 132 000;535 255 000;524 686 000;166 320 000;172 205 000;172 805 000;175 261 000;170 530 000;173 361 000;176 875 000;177 148 000;179 015 000;184 607 000;194 690 000;190 393 000;2 287 592 000;2 359 126 000;2 474 429 000;2 451 231 000;2 437 437 000;2 515 358 000;2 543 723 000;2 589 012 000;2 600 586 000;2 561 844 000;2 591 656 000;2 575 859 000;0;0;0;0;0;0;0;0;0;0;0;0;5 300 000;5 300 000;5 300 000;5 300 000;5 300 000;5 300 000;5 300 000;11 300 000;11 300 000;11 300 000;6 000 000;0;270 992 000;270 573 000;278 084 000;285 158 000;287 428 000;261 087 000;277 451 000;287 097 000;343 448 000;357 448 000;345 743 000;357 317 000;413 996 000;415 860 000;447 259 000;448 824 000;478 983 000;509 072 000;494 347 000;494 445 000;436 854 000;445 656 000;463 355 000;462 086 000;9,28%;9,16%;9,19%;9,05%;9,52%;9,26%;9,72%;9,92%;11,26%;11,63%;11,11%;11,85%;123,26%;123,05%;119,80%;116,96%;119,32%;116,26%;114,74%;114,73%;108,92%;108,81%;107,50%;109,33%;2,44%;2,37%;2,27%;2,21%;2,16%;2,12%;1,95%;1,93%;1,84%;1,84%;1,49%;1,67%;;;;;;0,42%;0,53%;0,66%;0,76%;0,81%;0,78%;0,77%;;;;;;3,25%;4,09%;5,10%;5,95%;6,33%;6,14%;6,15%
2;СИРИУС (ООО), СИБИРСКИЙ БАНК;В состоянии банкротства;045209875;3 130 000;19 595 000;-291 669 000;-290 690 000;-302 601 000;-169 132 000;-339 933 000;-272 507 000;-444 328 000;-456 536 000;-461 226 000;;0;0;0;0;0;0;0;0;0;0;0;;0;0;0;0;0;0;0;0;0;0;0;;886 894 000;839 075 000;863 830 000;850 007 000;884 368 000;569 190 000;409 151 000;359 954 000;355 115 000;354 278 000;361 624 000;;65 481 000;12 949 000;36 166 000;20 164 000;43 543 000;21 508 000;15 499 000;13 302 000;9 663 000;10 226 000;17 572 000;;821 413 000;826 126 000;827 664 000;829 843 000;840 825 000;547 682 000;393 652 000;346 652 000;345 452 000;344 052 000;344 052 000;;0;0;0;0;0;0;0;0;0;0;0;;0;0;0;0;0;0;0;0;0;0;0;;75 290 000;37 830 000;37 830 000;14 500 000;22 000 000;2 000 000;2 000 000;2 000 000;2 000 000;2 000 000;2 000 000;;534 668 000;525 537 000;837 323 000;853 029 000;778 972 000;643 143 000;535 076 000;464 109 000;630 107 000;633 527 000;631 664 000;;632 711 000;645 757 000;342 462 000;344 174 000;351 714 000;485 207 000;311 775 000;379 230 000;208 625 000;196 418 000;191 779 000;;27,76%;29,22%;42,62%;47,80%;47,95%;50,84%;65,42%;56,94%;76,39%;76,69%;76,78%;;41,08%;57,70%;41,60%;43,19%;43,41%;48,11%;19,45%;16,14%;13,40%;13,83%;13,86%;;19,57%;15,43%;17,08%;14,09%;13,37%;17,63%;26,56%;26,89%;27,12%;43,75%;47,87%;;;;;;;-2,02%;-3,25%;-4,73%;-6,89%;-9,63%;-13,06%;;;;;;;-7,58%;-12,21%;-17,31%;-24,79%;-34,68%;-48,14%;
3;НОВОПОКРОВСКИЙ, ООО КБ;В состоянии банкротства;040349808;-7 196 000;16 962 000;-71 053 000;-86 472 000;53 606 000;-6 458 000;-50 913 000;64 693 000;28 232 000;34 213 000;57 072 000;-40 585 000;0;0;0;0;0;0;0;0;0;0;0;0;67 846 000;67 846 000;31 970 000;31 970 000;25 752 000;25 752 000;22 752 000;22 752 000;0;0;0;0;9 143 145 000;8 003 180 000;8 297 459 000;8 250 572 000;8 419 219 000;9 143 148 000;9 466 628 000;8 728 570 000;8 641 136 000;8 262 146 000;7 865 640 000;7 721 790 000;1 737 546 000;878 835 000;1 170 522 000;1 039 072 000;1 039 843 000;1 402 278 000;1 528 143 000;934 267 000;1 155 766 000;1 013 592 000;762 376 000;654 573 000;280 849 000;286 232 000;187 838 000;168 755 000;115 247 000;115 279 000;115 326 000;234 696 000;230 938 000;231 330 000;167 864 000;135 063 000;7 124 385 000;6 837 953 000;6 939 077 000;7 042 726 000;7 264 118 000;7 625 572 000;7 823 152 000;7 559 353 000;7 254 161 000;7 017 075 000;6 935 309 000;6 932 100 000;0;0;0;0;0;0;0;0;0;0;0;0;169 784 000;204 355 000;232 234 000;144 051 000;146 913 000;147 138 000;147 398 000;137 886 000;138 287 000;123 728 000;366 714 000;84 565 000;376 516 000;362 558 000;450 930 000;475 177 000;365 555 000;413 219 000;495 869 000;411 716 000;434 397 000;444 193 000;449 724 000;519 537 000;1 209 255 000;1 253 239 000;1 192 928 000;1 184 585 000;1 315 305 000;1 245 541 000;1 200 083 000;1 289 530 000;1 272 215 000;1 274 299 000;1 288 185 000;1 210 933 000;6,07%;5,91%;8,01%;8,89%;6,15%;6,38%;7,65%;6,29%;6,01%;5,77%;5,74%;7,00%;90,22%;95,38%;87,54%;88,96%;81,08%;74,63%;69,13%;68,01%;56,51%;46,00%;54,21%;47,72%;1,90%;3,85%;3,50%;3,67%;1,86%;1,73%;1,65%;3,15%;5,24%;1,20%;0,39%;0,95%;;;;;;0,03%;0,06%;0,01%;-0,02%;-0,01%;-0,02%;0,00%;;;;;;0,23%;0,47%;0,12%;-0,16%;-0,06%;-0,15%;-0,04%
4;РУССКИЙ ИПОТЕЧНЫЙ БАНК (ООО), КБ;В состоянии банкротства;044525526;-10 292 000;29 174 000;127 271 000;103 306 000;219 819 000;-33 358 000;-38 206 000;100 080 000;-34 977 000;-48 666 000;112 223 000;-79 691 000;635 000;6 800 000;3 115 000;3 693 000;1 865 000;1 241 000;967 000;579 000;1 678 000;1 513 000;975 000;778 000;0;0;0;0;0;0;0;0;0;0;0;0;12 166 434 000;11 704 696 000;11 308 458 000;11 558 811 000;11 330 730 000;11 454 051 000;11 687 115 000;11 862 737 000;11 954 052 000;12 034 828 000;11 961 288 000;11 655 971 000;1 998 873 000;1 614 040 000;1 734 245 000;1 782 345 000;1 475 525 000;1 412 808 000;1 364 428 000;1 536 095 000;1 708 233 000;1 807 578 000;1 961 552 000;1 753 747 000;681 246 000;678 174 000;726 282 000;863 622 000;867 988 000;867 571 000;969 868 000;967 193 000;954 999 000;928 151 000;1 033 504 000;921 158 000;9 483 079 000;9 405 105 000;8 846 592 000;8 911 953 000;8 947 265 000;9 157 078 000;9 348 377 000;9 358 760 000;9 289 608 000;9 298 073 000;8 963 837 000;8 977 889 000;0;0;0;0;0;0;0;0;0;0;0;0;1 250 220 000;1 247 302 000;1 267 165 000;1 265 742 000;965 140 000;826 062 000;790 354 000;689 777 000;677 293 000;377 967 000;181 552 000;176 388 000;840 285 000;826 585 000;1 226 843 000;1 239 686 000;1 196 318 000;1 477 165 000;1 492 705 000;1 387 271 000;1 490 485 000;1 519 160 000;1 387 769 000;1 524 671 000;1 953 696 000;2 468 463 000;2 576 047 000;2 538 783 000;2 653 976 000;2 396 956 000;2 400 292 000;2 538 896 000;2 398 264 000;2 394 091 000;2 548 404 000;2 409 090 000;7,58%;8,88%;12,07%;12,05%;12,48%;14,24%;14,59%;13,58%;14,23%;14,67%;14,43%;16,19%;118,97%;127,62%;108,50%;109,61%;107,70%;101,44%;98,82%;102,84%;101,54%;103,12%;111,14%;111,38%;1,49%;1,70%;1,59%;1,71%;1,65%;1,90%;1,60%;2,28%;2,35%;2,49%;2,99%;2,97%;;;;;;0,21%;0,29%;0,26%;0,26%;0,28%;0,24%;0,25%;;;;;;1,61%;2,17%;1,91%;1,87%;1,99%;1,64%;1,66%
5;ИНКАРОБАНК (АО), АКБ;В состоянии банкротства;044525124;13 112 000;7 288 000;-141 564 000;-161 883 000;-116 086 000;-129 443 000;-48 917 000;-48 120 000;46 147 000;12 095 000;18 331 000;-56 127 000;0;0;0;0;0;0;0;0;0;0;0;0;290 000 000;273 000 000;256 000 000;239 000 000;222 000 000;205 000 000;188 000 000;171 000 000;154 000 000;137 000 000;120 000 000;103 000 000;588 561 000;601 254 000;1 030 400 000;920 144 000;539 939 000;463 595 000;685 039 000;576 118 000;525 720 000;579 794 000;509 551 000;575 897 000;86 583 000;76 358 000;511 725 000;418 759 000;150 965 000;111 953 000;337 427 000;198 213 000;150 478 000;174 501 000;78 228 000;135 105 000;143 006 000;135 000 000;135 000 000;135 000 000;135 000 000;140 000 000;140 000 000;140 000 000;135 000 000;135 000 000;135 000 000;125 000 000;358 972 000;389 896 000;383 675 000;366 385 000;253 974 000;211 642 000;207 612 000;211 087 000;214 545 000;220 628 000;228 429 000;246 667 000;0;0;0;0;0;0;0;0;0;0;0;0;0;0;0;0;0;0;0;0;0;0;0;0;213 076 000;123 190 000;266 932 000;309 508 000;265 385 000;275 877 000;184 100 000;189 348 000;90 161 000;115 460 000;104 765 000;164 659 000;451 579 000;445 494 000;330 026 000;354 591 000;400 989 000;387 877 000;518 533 000;519 412 000;613 754 000;579 941 000;586 687 000;530 079 000;29,39%;18,56%;50,01%;58,01%;48,42%;48,41%;42,60%;42,67%;24,65%;11,19%;10,90%;10,63%;84,90%;100,94%;193,73%;312,35%;432,27%;413,79%;441,36%;419,25%;1 183,16%;420,08%;249,10%;272,48%;6,03%;2,87%;3,61%;3,61%;4,43%;4,43%;4,89%;4,91%;15,98%;5,56%;3,47%;3,54%;;;;;;-7,56%;-6,56%;-5,54%;-4,72%;-4,08%;-3,59%;-3,50%;;;;;;-33,77%;-26,98%;-21,03%;-16,75%;-13,65%;-11,46%;-10,82%
6;СТЕЛЛА-БАНК, АО АКБ;В состоянии банкротства;046015938;-16 020 000;6 747 000;;;;;;;;;;;62 000;52 000;;;;;;;;;;;0;0;;;;;;;;;;;1 799 371 000;2 061 685 000;;;;;;;;;;;650 252 000;1 003 520 000;;;;;;;;;;;37 200 000;37 200 000;;;;;;;;;;;1 107 401 000;1 017 098 000;;;;;;;;;;;0;0;;;;;;;;;;;182 000;182 000;;;;;;;;;;;194 933 000;136 862 000;;;;;;;;;;;322 899 000;346 188 000;;;;;;;;;;;16,76%;14,45%;;;;;;;;;;;127,41%;127,73%;;;;;;;;;;;5,18%;0,02%;;;;;;;;;;;;;;;;;;;;;;;;;;;;;;;;;;
7;ФИНАНСОВЫЙ КАПИТАЛ, ООО КБ;В состоянии банкротства;044030741;-24 397 000;-47 639 000;-48 807 000;-50 806 000;-57 451 000;-62 168 000;-65 851 000;-61 997 000;;;;;0;0;0;0;0;0;0;0;;;;;0;0;0;0;0;0;0;0;;;;;1 111 688 000;1 000 872 000;927 674 000;908 186 000;820 885 000;802 266 000;685 750 000;620 992 000;;;;;372 166 000;295 355 000;309 407 000;421 267 000;352 228 000;396 214 000;242 248 000;145 242 000;;;;;0;44 000 000;57 300 000;32 300 000;35 700 000;25 500 000;147 940 000;124 527 000;;;;;642 927 000;600 475 000;487 014 000;356 406 000;346 461 000;293 806 000;219 716 000;236 141 000;;;;;0;0;0;0;0;0;0;0;;;;;92 927 000;96 700 000;66 594 000;156 065 000;153 314 000;158 567 000;140 355 000;137 607 000;;;;;262 444 000;255 924 000;254 525 000;258 499 000;256 434 000;257 042 000;254 493 000;232 813 000;;;;;393 112 000;366 037 000;367 813 000;342 779 000;336 508 000;331 721 000;328 062 000;344 779 000;;;;;18,34%;17,88%;18,47%;18,82%;19,65%;19,69%;19,90%;18,21%;;;;;157,81%;154,61%;160,43%;162,50%;176,15%;177,04%;177,88%;180,10%;;;;;11,65%;11,20%;12,46%;13,11%;13,35%;13,22%;13,87%;13,77%;;;;;;;;;;-2,10%;-2,23%;-2,39%;;;;;;;;;;-11,16%;-11,64%;-12,06%;;;;
8;МЕЖДУНАРОДНЫЙ РАСЧЕТНЫЙ БАНК, ООО КБ;В состоянии банкротства;044525223;12 356 000;-11 504 000;-6 452 000;-8 512 000;-10 497 000;-9 642 000;-21 694 000;4 660 000;2 459 000;6 857 000;11 294 000;239 000;0;0;0;0;0;0;0;0;0;0;0;0;0;0;0;0;0;0;0;0;0;0;0;0;254 476 000;199 391 000;233 882 000;261 823 000;243 888 000;395 304 000;406 215 000;418 424 000;430 579 000;441 861 000;556 973 000;498 446 000;198 963 000;143 881 000;178 393 000;206 337 000;174 411 000;175 845 000;200 744 000;187 684 000;218 544 000;208 126 000;351 538 000;279 505 000;55 306 000;55 306 000;55 306 000;55 306 000;69 306 000;219 306 000;205 306 000;230 569 000;211 906 000;233 588 000;205 306 000;218 806 000;207 000;204 000;183 000;180 000;171 000;153 000;165 000;171 000;129 000;147 000;129 000;135 000;0;0;0;0;0;0;0;0;0;0;0;0;6 000 000;6 000 000;6 000 000;6 000 000;6 000 000;6 000 000;6 000 000;6 000 000;5 500 000;5 500 000;5 500 000;5 966 000;119 933 000;124 523 000;118 401 000;114 953 000;116 978 000;119 282 000;133 100 000;107 564 000;113 014 000;109 419 000;107 059 000;110 096 000;333 557 000;309 543 000;315 605 000;312 310 000;310 753 000;309 700 000;447 549 000;473 021 000;465 065 000;470 456 000;473 356 000;476 150 000;30,81%;38,82%;33,12%;33,06%;32,17%;31,07%;25,30%;23,27%;21,09%;20,20%;19,72%;20,47%;228,90%;236,18%;273,73%;279,88%;297,30%;278,20%;254,14%;327,45%;292,96%;286,97%;308,98%;303,06%;24,57%;22,92%;18,60%;14,55%;17,64%;16,86%;12,07%;7,32%;6,25%;6,06%;5,15%;5,15%;;;;;;-0,69%;-0,63%;-0,70%;-0,70%;-0,55%;-0,50%;-0,44%;;;;;;-1,34%;-1,25%;-1,42%;-1,40%;-1,08%;-0,99%;-0,85%
9;АГРОСОЮЗ, ООО КБ;В состоянии банкротства;044525322;6 170 000;7 006 000;10 405 000;-898 000;2 253 000;3 290 000;5 102 000;8 622 000;7 795 000;7 416 000;10 609 000;1 064 000;9 171 000;109 393 000;151 514 000;17 638 000;84 901 000;66 000;60 000;58 000;55 000;54 000;50 000;49 000;1 696 147 000;2 296 029 000;2 444 512 000;2 100 362 000;1 234 677 000;1 143 606 000;1 276 343 000;1 288 154 000;1 252 843 000;1 257 862 000;1 335 064 000;1 369 987 000;8 344 256 000;8 200 594 000;8 230 271 000;8 335 703 000;8 692 210 000;8 813 790 000;9 691 199 000;9 564 970 000;8 989 308 000;9 132 815 000;8 917 224 000;8 703 546 000;1 006 944 000;869 517 000;743 524 000;625 377 000;620 067 000;601 810 000;1 059 837 000;1 175 596 000;754 726 000;990 899 000;945 999 000;775 248 000;888 905 000;745 399 000;751 382 000;762 910 000;829 162 000;677 408 000;693 871 000;576 899 000;361 933 000;314 377 000;236 825 000;180 380 000;6 409 792 000;6 556 385 000;6 689 791 000;6 916 618 000;7 210 502 000;7 502 908 000;7 917 328 000;7 795 955 000;7 854 079 000;7 812 249 000;7 720 531 000;7 697 959 000;0;0;0;0;0;0;0;0;0;0;0;0;361 105 000;339 376 000;328 075 000;328 735 000;320 416 000;316 118 000;309 775 000;323 684 000;84 375 000;89 375 000;89 375 000;89 375 000;535 267 000;562 806 000;581 328 000;597 951 000;639 310 000;655 572 000;655 985 000;666 396 000;666 587 000;635 161 000;619 354 000;631 331 000;1 140 435 000;1 222 725 000;1 227 427 000;1 226 114 000;1 231 018 000;1 230 484 000;1 234 802 000;1 235 684 000;1 232 657 000;1 232 331 000;1 236 627 000;1 230 117 000;10,95%;10,99%;10,92%;10,70%;10,69%;11,02%;10,06%;9,12%;8,91%;7,99%;8,62%;8,84%;188,01%;176,65%;181,51%;159,29%;163,22%;175,09%;151,59%;168,30%;154,30%;163,36%;158,25%;159,29%;5,01%;5,19%;6,44%;6,51%;7,18%;7,17%;7,25%;6,46%;6,46%;5,82%;6,50%;7,01%;;;;;;0,65%;0,53%;0,42%;0,31%;0,20%;0,10%;0,04%;;;;;;7,01%;5,77%;4,59%;3,41%;2,23%;1,05%;0,48%
10;БТФ, АО КБ;В состоянии банкротства;044525279;-16 369 000;-15 885 000;-12 896 000;-105 959 000;-104 181 000;-83 768 000;-91 336 000;-83 737 000;-131 031 000;-47 181 000;-62 288 000;-16 320 000;0;0;0;0;0;946 000;2 016 000;2 078 000;5 003 000;5 229 000;5 211 000;0;375 452 000;338 038 000;321 667 000;330 413 000;321 288 000;33 526 000;32 454 000;31 579 000;31 452 000;32 472 000;30 328 000;30 081 000;4 688 903 000;4 651 785 000;4 373 052 000;4 512 762 000;4 368 852 000;4 770 506 000;4 528 121 000;4 706 701 000;4 718 287 000;4 882 126 000;4 753 236 000;4 850 686 000;572 723 000;621 488 000;500 366 000;697 851 000;520 625 000;911 417 000;676 765 000;677 607 000;576 199 000;728 861 000;586 608 000;869 644 000;198 011 000;167 498 000;160 272 000;162 302 000;210 238 000;524 385 000;570 002 000;646 922 000;564 119 000;579 979 000;573 642 000;506 329 000;3 917 290 000;3 809 169 000;3 710 780 000;3 650 428 000;3 621 680 000;3 333 410 000;3 280 498 000;3 380 438 000;3 576 822 000;3 571 868 000;3 548 895 000;3 473 602 000;0;0;0;0;0;0;0;0;0;0;0;0;668 189 000;592 094 000;521 838 000;521 390 000;510 204 000;513 167 000;514 510 000;509 094 000;168 705 000;306 720 000;210 867 000;312 635 000;283 788 000;247 015 000;224 995 000;302 146 000;287 928 000;255 477 000;256 175 000;236 443 000;288 322 000;182 574 000;171 448 000;188 419 000;1 002 005 000;964 073 000;948 922 000;844 090 000;837 194 000;892 029 000;874 259 000;873 234 000;808 585 000;817 856 000;879 642 000;860 606 000;4,72%;4,28%;3,80%;6,16%;6,00%;4,93%;3,77%;3,35%;4,93%;3,37%;3,08%;3,72%;136,04%;109,31%;109,53%;111,59%;117,07%;115,81%;112,69%;113,93%;111,39%;113,86%;113,61%;117,96%;4,54%;3,54%;3,45%;3,79%;2,92%;5,05%;4,63%;4,41%;2,05%;2,21%;4,19%;6,75%;;;;;;-0,71%;-0,83%;-0,93%;-1,04%;-1,10%;-1,06%;-1,07%;;;;;;-5,65%;-6,48%;-7,13%;-7,79%;-7,99%;-7,51%;-7,44%
11;МИГРОС, ОАО КБ;В состоянии банкротства;048209909;;;;;;;;;;;;;;;;;;;;;;;;;;;;;;;;;;;;;;;;;;;;;;;;;;;;;;;;;;;;;;;;;;;;;;;;;;;;;;;;;;;;;;;;;;;;;;;;;;;;;;;;;;;;;;;;;;;;;;;;;;;;;;;;;;;;;;;;;;;;;;;;;;;;;;;;;;;;;;;;;;;;;;;;;;;;;;;;;;;;;;;;;;;;;;;;
12;ВОСТСИБТРАНСКОМБАНК, АО;В состоянии банкротства;042520849;-19 487 000;-21 384 000;-23 805 000;-37 109 000;-29 824 000;-29 581 000;-25 161 000;-23 577 000;-38 431 000;-41 003 000;-60 982 000;8 020 000;0;0;0;0;0;0;0;0;0;0;0;0;0;0;0;0;0;0;0;0;0;0;0;0;3 523 270 000;3 340 963 000;3 297 784 000;3 241 317 000;3 261 900 000;3 315 309 000;3 375 637 000;3 516 292 000;3 362 284 000;3 112 615 000;3 233 445 000;3 185 022 000;558 326 000;525 966 000;559 124 000;565 370 000;591 571 000;656 920 000;609 406 000;758 560 000;746 805 000;592 565 000;692 792 000;674 025 000;18 927 000;7 500 000;7 500 000;7 500 000;7 500 000;7 500 000;12 500 000;12 500 000;12 500 000;12 500 000;15 800 000;15 800 000;2 856 398 000;2 762 267 000;2 681 734 000;2 624 062 000;2 618 203 000;2 607 253 000;2 719 932 000;2 708 735 000;2 556 112 000;2 457 094 000;2 456 180 000;2 443 922 000;0;0;0;0;0;0;0;0;0;0;0;0;0;0;0;0;5 210 000;5 210 000;5 210 000;0;0;0;0;0;451 598 000;454 673 000;465 996 000;444 636 000;443 604 000;419 247 000;428 192 000;433 108 000;473 072 000;482 305 000;485 065 000;493 289 000;462 634 000;458 382 000;460 552 000;447 434 000;454 730 000;454 963 000;464 476 000;466 060 000;451 067 000;440 307 000;405 089 000;464 373 000;12,76%;13,00%;13,49%;13,98%;14,18%;13,78%;14,21%;14,58%;16,22%;16,69%;17,32%;17,97%;68,13%;69,95%;69,96%;69,71%;71,89%;71,82%;73,94%;72,97%;66,14%;67,68%;66,36%;67,62%;6,29%;6,53%;6,71%;6,65%;5,91%;5,81%;5,98%;6,24%;7,60%;7,86%;7,39%;7,61%;;;;;;-0,66%;-0,68%;-0,67%;-0,65%;-0,62%;-0,61%;-0,67%;;;;;;-6,38%;-6,57%;-6,45%;-6,22%;-5,95%;-5,80%;-6,42%
13;УССУРИ (АО), БАНК;В состоянии банкротства;040813700;-38 336 000;-37 756 000;-49 017 000;-58 651 000;-48 209 000;-45 222 000;-40 354 000;-14 375 000;-10 451 000;-9 889 000;5 973 000;2 008 000;0;0;0;0;0;0;0;0;0;0;0;0;0;0;0;0;0;0;0;0;0;0;0;0;4 260 675 000;4 271 638 000;4 340 276 000;4 443 746 000;4 630 911 000;4 759 217 000;4 826 614 000;4 951 061 000;4 786 497 000;4 911 403 000;5 035 946 000;5 063 109 000;227 920 000;197 254 000;202 009 000;257 549 000;274 928 000;252 227 000;255 490 000;430 976 000;277 582 000;314 692 000;310 588 000;257 710 000;346 780 000;329 031 000;323 440 000;296 233 000;317 965 000;346 141 000;359 587 000;291 726 000;294 125 000;319 541 000;359 565 000;355 410 000;3 685 038 000;3 744 868 000;3 814 752 000;3 888 587 000;4 037 024 000;4 158 691 000;4 209 754 000;4 225 273 000;4 213 868 000;4 275 292 000;4 365 750 000;4 449 826 000;0;0;0;0;0;0;0;0;0;0;0;0;0;0;0;0;0;0;0;0;0;0;0;0;262 296 000;234 120 000;260 756 000;282 859 000;266 090 000;264 946 000;263 873 000;260 304 000;257 833 000;255 735 000;239 043 000;233 855 000;442 889 000;455 109 000;453 147 000;454 746 000;465 472 000;468 349 000;473 586 000;508 362 000;522 356 000;522 151 000;545 249 000;545 655 000;8,45%;8,10%;8,94%;9,40%;8,63%;8,31%;7,75%;7,73%;7,66%;7,92%;7,06%;6,93%;105,03%;99,54%;100,32%;99,98%;103,19%;106,41%;109,98%;114,98%;115,55%;115,91%;117,61%;124,65%;3,06%;3,03%;3,17%;3,20%;3,13%;3,14%;2,99%;2,87%;3,66%;3,89%;3,68%;3,78%;;;;;;-0,78%;-0,83%;-0,85%;-0,81%;-0,74%;-0,69%;-0,63%;;;;;;-8,14%;-8,78%;-9,17%;-8,88%;-8,15%;-7,68%;-7,00%
14;УРАЛТРАНСБАНК, ПАО;В состоянии банкротства;046577406;-63 664 000;-105 083 000;-114 643 000;-189 752 000;-169 260 000;-202 716 000;-231 433 000;-265 987 000;-282 057 000;-296 278 000;-242 693 000;-84 714 000;0;0;0;0;0;0;0;0;0;0;0;0;0;0;0;0;0;0;0;0;0;0;0;0;13 575 536 000;13 443 136 000;13 277 692 000;13 435 758 000;13 170 154 000;13 142 255 000;13 062 404 000;12 753 626 000;12 723 584 000;12 606 793 000;12 592 998 000;11 980 128 000;1 887 909 000;1 793 867 000;1 706 135 000;1 994 185 000;1 792 721 000;1 792 852 000;2 013 729 000;1 799 869 000;1 906 627 000;1 822 812 000;1 710 323 000;1 594 345 000;335 084 000;332 878 000;347 789 000;351 248 000;348 220 000;359 174 000;367 473 000;374 356 000;368 070 000;362 548 000;358 988 000;368 391 000;11 314 826 000;11 285 565 000;11 177 639 000;11 035 418 000;10 980 992 000;10 960 116 000;10 643 506 000;10 554 567 000;10 421 522 000;10 389 595 000;10 511 254 000;10 002 692 000;0;0;0;0;0;0;0;0;0;0;0;0;36 000;731 000;731 000;732 000;732 000;732 000;732 000;732 000;732 000;732 000;37 000;37 000;2 766 287 000;2 775 008 000;2 787 711 000;2 853 600 000;2 743 512 000;2 775 893 000;2 724 522 000;2 723 380 000;2 760 576 000;2 789 431 000;2 384 027 000;2 483 910 000;1 363 553 000;1 323 266 000;1 367 459 000;1 298 398 000;1 318 369 000;1 285 576 000;1 250 851 000;1 219 175 000;1 206 090 000;1 203 645 000;1 263 643 000;1 172 634 000;17,85%;18,18%;18,38%;19,37%;20,47%;21,00%;21,60%;21,53%;21,56%;22,29%;20,63%;22,06%;110,82%;110,40%;110,17%;110,60%;111,12%;113,67%;112,81%;111,69%;112,40%;110,75%;107,70%;108,74%;12,35%;13,07%;13,27%;13,70%;14,71%;15,27%;15,54%;15,89%;16,10%;16,84%;15,96%;15,58%;;;;;;-0,71%;-0,76%;-0,80%;-0,85%;-0,90%;-0,96%;-1,07%;;;;;;-8,83%;-9,52%;-10,29%;-11,07%;-11,85%;-12,86%;-14,39%
15;РТС-БАНК, АО;В состоянии банкротства;043678783;-12 100 000;560 000;953 000;972 000;1 016 000;-98 933 000;-98 915 000;-98 885 000;-99 245 000;-99 176 000;-100 279 000;319 000;197 913 000;198 209 000;198 580 000;198 926 000;997 000;591 000;596 000;601 000;756 000;6 000;6 000;6 000;0;0;0;0;0;0;0;0;0;0;0;0;3 320 646 000;3 745 398 000;3 247 613 000;2 875 617 000;2 553 497 000;2 607 872 000;2 492 289 000;2 190 428 000;2 202 378 000;2 226 436 000;2 041 530 000;1 965 260 000;1 069 593 000;1 408 984 000;1 126 250 000;718 109 000;448 983 000;493 328 000;372 088 000;320 299 000;474 125 000;601 099 000;450 888 000;364 343 000;1 357 442 000;1 480 108 000;1 261 253 000;1 275 086 000;1 269 752 000;1 305 940 000;1 241 174 000;1 027 052 000;1 023 053 000;951 074 000;912 223 000;910 277 000;884 707 000;856 272 000;859 979 000;844 415 000;834 738 000;808 552 000;879 025 000;842 847 000;705 198 000;674 260 000;678 416 000;690 638 000;0;0;0;0;0;0;0;0;0;0;0;0;70 934 000;69 945 000;69 512 000;69 743 000;61 010 000;61 010 000;61 010 000;61 010 000;61 010 000;61 010 000;61 010 000;61 010 000;472 803 000;458 648 000;453 547 000;446 959 000;531 735 000;620 796 000;639 935 000;647 003 000;644 274 000;634 781 000;634 064 000;638 214 000;505 305 000;513 641 000;513 788 000;513 807 000;514 146 000;514 182 000;514 200 000;514 400 000;514 457 000;514 526 000;514 712 000;514 739 000;17,43%;16,68%;16,76%;16,32%;16,00%;22,01%;28,87%;28,13%;28,33%;26,42%;25,81%;26,14%;132,59%;130,33%;127,52%;128,24%;148,38%;150,46%;145,26%;129,14%;127,86%;127,53%;120,09%;120,43%;2,79%;3,15%;3,63%;3,71%;4,28%;4,41%;4,54%;5,43%;5,46%;6,39%;6,65%;6,26%;;;;;;-1,40%;-1,27%;-1,26%;-1,24%;-1,23%;-1,21%;-1,35%;;;;;;-12,68%;-11,37%;-10,94%;-10,43%;-9,85%;-9,30%;-9,87%
16;КРЕДИТ ЭКСПРЕСС, ООО КБ;В состоянии банкротства;046015961;1 221 000;4 268 000;4 971 000;7 580 000;8 013 000;8 736 000;9 404 000;9 821 000;13 962 000;-41 109 000;33 498 000;8 249 000;496 000;505 000;472 000;548 000;862 000;252 000;384 000;299 000;469 000;462 000;639 000;521 000;0;0;0;0;0;0;0;0;0;0;0;0;1 874 233 000;1 903 119 000;1 738 007 000;1 825 907 000;1 883 713 000;1 792 258 000;1 877 856 000;2 105 174 000;2 221 425 000;2 067 132 000;1 775 378 000;1 855 086 000;448 877 000;513 359 000;361 675 000;384 742 000;470 372 000;363 640 000;359 906 000;487 785 000;472 054 000;448 328 000;298 824 000;337 418 000;305 102 000;297 389 000;346 863 000;433 452 000;404 810 000;390 088 000;380 316 000;379 931 000;365 368 000;306 326 000;312 672 000;298 417 000;1 089 425 000;1 082 352 000;1 019 928 000;994 644 000;996 535 000;1 033 645 000;1 126 573 000;1 237 347 000;1 377 495 000;1 305 665 000;1 163 882 000;1 219 216 000;0;0;0;0;0;0;0;0;0;0;0;0;32 800 000;32 800 000;5 000 000;5 000 000;69 000 000;122 926 000;122 700 000;122 506 000;122 241 000;186 261 000;185 657 000;196 232 000;178 310 000;185 711 000;193 208 000;198 736 000;208 558 000;212 036 000;220 956 000;227 053 000;229 509 000;253 419 000;133 526 000;131 801 000;681 978 000;689 404 000;708 374 000;790 794 000;791 159 000;791 468 000;796 029 000;796 629 000;796 308 000;631 001 000;705 429 000;706 365 000;8,68%;10,15%;10,36%;10,32%;10,60%;10,50%;11,41%;10,86%;10,37%;11,22%;5,81%;6,23%;100,56%;100,91%;90,95%;86,90%;96,27%;97,45%;99,57%;101,63%;96,84%;95,75%;91,15%;91,80%;2,08%;2,17%;2,07%;1,79%;1,72%;1,75%;1,79%;1,66%;1,56%;1,58%;0,66%;0,72%;;;;;;1,26%;1,08%;0,90%;0,72%;0,54%;0,27%;0,15%;;;;;;4,60%;3,92%;3,26%;2,60%;1,95%;0,99%;0,54%
17;БАНК МБСП (АО);В состоянии банкротства;044030760;-375 642 000;-260 204 000;-255 208 000;-221 066 000;-120 017 000;-334 157 000;-344 894 000;-199 689 000;-167 660 000;-127 362 000;-167 833 000;-149 230 000;33 279 000;61 128 000;43 391 000;28 003 000;20 382 000;21 931 000;20 240 000;112 000;7 000;0;285 000;0;5 757 077 000;4 602 152 000;4 573 380 000;4 817 190 000;3 951 156 000;3 308 394 000;3 906 636 000;2 661 062 000;4 897 334 000;3 036 777 000;2 195 430 000;1 798 979 000;34 107 572 000;32 672 767 000;34 409 689 000;35 445 191 000;34 092 587 000;35 646 943 000;35 119 964 000;35 277 492 000;36 625 619 000;35 981 491 000;37 393 791 000;35 856 364 000;4 631 765 000;3 289 311 000;4 899 619 000;4 999 787 000;4 430 796 000;5 072 580 000;5 007 037 000;4 702 251 000;4 670 818 000;4 423 752 000;6 199 844 000;3 935 384 000;19 749 572 000;18 748 002 000;17 818 931 000;17 975 837 000;16 464 103 000;16 620 492 000;15 160 330 000;15 125 703 000;15 183 565 000;14 298 888 000;12 679 079 000;12 183 558 000;9 678 577 000;10 592 929 000;11 663 341 000;12 417 210 000;13 071 416 000;13 910 454 000;14 920 431 000;15 422 575 000;16 476 730 000;17 172 186 000;18 499 532 000;19 705 339 000;0;0;0;0;0;0;0;0;0;0;0;0;2 158 815 000;1 274 987 000;1 424 837 000;712 060 000;583 440 000;643 786 000;628 029 000;1 210 284 000;1 292 934 000;1 309 466 000;1 326 344 000;617 442 000;1 651 646 000;1 729 906 000;1 721 721 000;1 661 452 000;1 552 544 000;1 667 976 000;1 663 784 000;1 926 680 000;1 921 318 000;1 858 865 000;1 884 503 000;3 385 663 000;14 594 601 000;13 692 672 000;13 316 240 000;13 750 478 000;13 927 658 000;14 046 288 000;13 817 752 000;13 838 304 000;13 817 650 000;14 177 569 000;13 989 388 000;12 149 139 000;6,60%;7,38%;6,82%;6,27%;5,52%;4,99%;4,63%;4,91%;4,74%;4,83%;5,39%;7,74%;62,07%;65,33%;62,78%;63,74%;65,90%;62,88%;55,43%;51,41%;55,69%;54,26%;59,48%;54,28%;10,33%;11,04%;10,22%;9,46%;7,92%;7,43%;5,25%;4,78%;4,61%;4,72%;4,18%;4,23%;;;;;;-0,13%;-0,17%;-0,24%;-0,31%;-0,35%;-0,39%;-0,41%;;;;;;-0,55%;-0,71%;-1,01%;-1,29%;-1,47%;-1,61%;-1,69%
18;КОНФИДЭНС БАНК, ООО КБ;В состоянии банкротства;043469710;17 643 000;1 088 000;13 742 000;7 033 000;3 343 000;24 341 000;26 017 000;30 218 000;50 484 000;54 027 000;-13 692 000;112 938 000;0;0;0;0;0;0;0;0;0;0;0;0;0;0;0;0;0;0;0;0;0;0;0;0;3 809 529 000;3 796 946 000;3 928 026 000;4 043 243 000;4 248 537 000;4 340 759 000;4 590 925 000;4 738 114 000;4 885 008 000;4 960 561 000;5 198 377 000;5 087 896 000;447 571 000;223 383 000;215 538 000;237 549 000;261 511 000;224 533 000;225 922 000;200 880 000;229 390 000;169 838 000;210 152 000;268 972 000;117 789 000;177 278 000;171 858 000;174 373 000;177 374 000;197 315 000;260 366 000;282 355 000;308 762 000;339 074 000;338 996 000;278 447 000;3 242 037 000;3 395 293 000;3 532 037 000;3 629 880 000;3 808 318 000;3 917 143 000;4 103 782 000;4 253 253 000;4 345 239 000;4 450 279 000;4 646 827 000;4 534 852 000;0;0;0;0;0;0;0;0;0;0;0;0;0;0;0;0;0;0;0;0;0;0;0;0;492 092 000;520 704 000;520 170 000;538 746 000;562 004 000;567 756 000;585 447 000;603 696 000;606 499 000;619 026 000;725 295 000;639 170 000;542 392 000;528 778 000;542 195 000;532 067 000;516 246 000;550 497 000;561 968 000;561 728 000;569 482 000;583 323 000;656 703 000;763 638 000;12,03%;12,87%;12,78%;12,79%;12,27%;11,21%;10,93%;11,16%;10,83%;10,94%;10,44%;10,36%;88,29%;90,27%;107,28%;114,68%;122,66%;119,12%;118,59%;104,75%;109,37%;106,49%;99,98%;103,57%;1,47%;1,58%;1,70%;1,85%;1,75%;1,66%;1,48%;2,43%;2,43%;2,91%;0,94%;1,05%;;;;;;0,22%;0,22%;0,24%;0,26%;0,29%;0,35%;0,36%;;;;;;2,12%;2,16%;2,31%;2,62%;2,96%;3,53%;3,71%
19;ДОНИНВЕСТ, ООО КБ;В состоянии банкротства;046015872;;;;;;;;;;;;;;;;;;;;;;;;;;;;;;;;;;;;;;;;;;;;;;;;;;;;;;;;;;;;;;;;;;;;;;;;;;;;;;;;;;;;;;;;;;;;;;;;;;;;;;;;;;;;;;;;;;;;;;;;;;;;;;;;;;;;;;;;;;;;;;;;;;;;;;;;;;;;;;;;;;;;;;;;;;;;;;;;;;;;;;;;;;;;;;;;
20;АК БАНК, АО;В состоянии банкротства;043601878;-70 818 000;-88 008 000;-56 164 000;-9 298 000;42 072 000;88 928 000;-85 476 000;-69 806 000;-264 157 000;-748 434 000;-1 493 168 000;-386 880 000;173 000;20 000;478 000;63 000;50 000;146 000;0;0;0;0;0;0;20 000 000;20 000 000;20 000 000;20 000 000;20 000 000;20 000 000;20 000 000;20 000 000;20 000 000;20 000 000;0;0;23 199 058 000;22 810 791 000;22 116 144 000;22 778 424 000;23 294 637 000;24 064 397 000;23 520 125 000;24 353 904 000;23 928 952 000;23 956 807 000;24 198 620 000;23 125 376 000;1 505 929 000;1 658 813 000;1 157 738 000;1 273 416 000;1 350 062 000;1 899 780 000;1 754 340 000;1 919 127 000;1 464 581 000;1 425 922 000;1 671 250 000;1 327 114 000;1 880 497 000;1 908 689 000;1 894 586 000;2 006 896 000;2 095 274 000;2 046 665 000;2 008 258 000;1 755 597 000;1 679 610 000;1 663 863 000;1 817 582 000;1 577 857 000;19 801 893 000;19 233 163 000;19 054 415 000;19 489 083 000;19 839 843 000;20 097 394 000;19 743 136 000;20 669 382 000;20 775 144 000;20 855 704 000;20 700 628 000;20 211 854 000;0;0;0;0;0;0;0;0;0;0;0;0;7 655 000;25 620 000;15 583 000;20 178 000;17 140 000;42 297 000;18 145 000;37 666 000;18 825 000;32 428 000;48 538 000;92 516 000;1 554 562 000;1 570 248 000;1 442 696 000;1 479 770 000;1 219 433 000;1 299 596 000;1 453 662 000;1 471 143 000;1 648 688 000;2 134 482 000;2 892 218 000;3 328 139 000;4 407 270 000;4 633 692 000;4 519 542 000;4 590 015 000;4 632 260 000;4 642 387 000;4 449 329 000;4 294 990 000;4 146 397 000;3 823 113 000;4 166 761 000;4 725 799 000;7,15%;6,96%;6,33%;6,09%;4,93%;4,78%;5,40%;5,37%;6,08%;8,11%;9,42%;10,54%;107,93%;108,19%;105,34%;108,74%;116,83%;105,98%;125,87%;120,98%;114,88%;113,94%;100,91%;110,38%;6,15%;6,23%;5,85%;6,33%;5,63%;5,30%;5,64%;5,99%;6,22%;6,57%;6,59%;6,57%;;;;;;-0,31%;-0,23%;-0,16%;-0,13%;-0,12%;-0,27%;-0,65%;;;;;;-1,99%;-1,44%;-1,02%;-0,82%;-0,75%;-1,73%;-4,20%
21;ФЛОРА-МОСКВА, АО КБ;В состоянии банкротства;044525831;8 258 000;3 824 000;2 474 000;4 292 000;11 519 000;13 544 000;13 998 000;11 534 000;5 847 000;5 936 000;6 343 000;2 656 000;0;0;0;0;0;0;0;0;0;0;0;0;0;0;0;0;0;0;0;0;0;0;0;0;248 557 000;190 700 000;175 152 000;174 773 000;207 345 000;237 696 000;217 875 000;244 492 000;174 576 000;184 003 000;238 984 000;244 048 000;197 005 000;142 198 000;128 991 000;130 285 000;161 270 000;191 571 000;166 064 000;191 658 000;125 219 000;134 411 000;188 895 000;194 798 000;0;0;0;0;0;0;0;0;0;0;0;0;51 509 000;48 460 000;46 119 000;44 446 000;46 033 000;46 075 000;51 692 000;52 715 000;49 172 000;49 536 000;50 033 000;49 194 000;0;0;0;0;0;0;0;0;0;0;0;0;1 783 000;1 783 000;0;0;0;0;0;0;0;0;0;0;20 140 000;20 082 000;20 806 000;20 660 000;20 661 000;20 809 000;21 276 000;21 538 000;22 627 000;22 337 000;25 148 000;26 698 000;458 769 000;451 687 000;449 675 000;451 010 000;457 811 000;461 846 000;461 435 000;458 831 000;453 221 000;453 172 000;478 629 000;479 764 000;21,01%;22,75%;11,19%;11,82%;12,27%;11,21%;11,59%;11,81%;12,73%;13,29%;10,86%;10,13%;853,75%;879,62%;535,75%;496,93%;516,08%;480,15%;480,19%;482,17%;522,54%;316,71%;241,40%;393,18%;20,59%;22,43%;10,56%;11,19%;11,62%;10,62%;10,64%;10,70%;11,58%;12,03%;9,18%;9,24%;;;;;;1,25%;1,27%;1,29%;1,28%;1,18%;1,08%;1,04%;;;;;;2,20%;2,20%;2,22%;2,19%;2,01%;1,81%;1,74%
22;БУМ-БАНК , ООО;В состоянии банкротства;048327749;1 853 000;2 332 000;4 588 000;3 355 000;999 000;1 233 000;2 433 000;2 594 000;3 128 000;4 020 000;8 448 000;5 000;7 728 000;7 009 000;6 756 000;6 451 000;4 982 000;5 129 000;6 132 000;5 816 000;5 750 000;0;0;0;0;30 000 000;20 000 000;0;0;0;40 000 000;15 000 000;15 000 000;30 000 000;0;10 000 000;1 391 624 000;1 334 330 000;1 308 524 000;1 262 410 000;1 253 154 000;1 281 803 000;1 242 543 000;1 286 918 000;1 313 306 000;1 359 553 000;1 434 191 000;1 473 519 000;132 258 000;90 754 000;96 551 000;95 832 000;92 448 000;116 081 000;95 830 000;135 766 000;129 682 000;133 862 000;168 837 000;157 387 000;25 000 000;25 000 000;25 000 000;25 000 000;26 000 000;26 000 000;26 000 000;26 000 000;26 000 000;25 000 000;21 000 000;22 300 000;1 217 010 000;1 204 250 000;1 171 301 000;1 121 572 000;1 123 233 000;1 127 360 000;1 101 807 000;1 116 562 000;1 150 166 000;1 192 880 000;1 243 233 000;1 285 924 000;0;0;0;0;0;0;0;0;0;0;0;0;0;0;0;0;0;0;0;0;0;0;0;0;319 692 000;312 817 000;312 471 000;295 415 000;296 928 000;300 274 000;299 308 000;301 184 000;302 593 000;314 240 000;294 631 000;298 761 000;366 727 000;366 957 000;366 196 000;366 567 000;366 845 000;366 846 000;366 852 000;366 892 000;366 897 000;366 956 000;368 926 000;367 153 000;16,62%;15,99%;20,31%;19,98%;20,82%;22,11%;21,53%;21,43%;19,90%;19,34%;17,06%;17,44%;215,48%;215,20%;246,56%;255,48%;258,25%;254,82%;256,95%;255,66%;243,16%;232,84%;228,73%;219,83%;10,51%;10,46%;12,59%;11,75%;11,89%;12,68%;12,34%;12,14%;11,72%;11,58%;10,57%;10,16%;;;;;;0,27%;0,24%;0,21%;0,19%;0,16%;0,13%;0,14%;;;;;;1,56%;1,37%;1,21%;1,06%;0,90%;0,74%;0,76%
23;БАНКИРСКИЙ ДОМ, АО АКБ;В состоянии банкротства;044030892;35 544 000;;;;;;;;;;;;1 030 000;;;;;;;;;;;;0;;;;;;;;;;;;3 024 042 000;;;;;;;;;;;;20 056 000;;;;;;;;;;;;666 000;;;;;;;;;;;;3 003 107 000;;;;;;;;;;;;0;;;;;;;;;;;;0;;;;;;;;;;;;143 816 000;;;;;;;;;;;;0;;;;;;;;;;;;6,27%;;;;;;;;;;;;16,78%;;;;;;;;;;;;1,17%;;;;;;;;;;;;;;;;;;;;;;;;;;;;;;;;;;;
24;ВВБ, ПАО БАНК;В состоянии банкротства;046711106;522 000;886 000;2 640 000;15 452 000;15 690 000;22 088 000;32 087 000;45 638 000;49 866 000;63 491 000;71 385 000;2 483 000;105 069 000;138 159 000;177 749 000;0;0;0;0;0;0;0;0;0;0;180 000 000;180 000 000;0;0;0;0;0;0;0;0;0;1 795 104 000;1 906 583 000;1 922 064 000;9 928 106 000;10 180 307 000;10 485 180 000;10 650 455 000;11 126 904 000;11 386 762 000;11 528 830 000;11 005 648 000;11 217 019 000;125 562 000;164 007 000;144 935 000;680 783 000;839 018 000;946 020 000;876 011 000;1 015 910 000;945 062 000;1 009 407 000;792 999 000;934 265 000;18 200 000;63 200 000;63 200 000;171 996 000;152 931 000;160 931 000;151 881 000;100 684 000;92 767 000;41 867 000;177 313 000;75 617 000;1 649 549 000;1 678 077 000;1 713 868 000;9 073 120 000;9 186 175 000;9 374 961 000;9 620 121 000;9 915 594 000;10 343 949 000;10 474 816 000;10 032 465 000;10 206 292 000;0;0;0;0;0;0;0;0;0;0;0;0;255 200 000;15 200 000;15 200 000;128 712 000;125 512 000;113 512 000;56 469 000;54 958 000;0;1 500 000;25 500 000;25 500 000;64 528 000;47 948 000;37 137 000;298 759 000;286 715 000;682 683 000;664 108 000;860 604 000;811 876 000;760 205 000;736 141 000;738 187 000;927 101 000;926 302 000;926 575 000;1 900 708 000;1 901 013 000;1 908 456 000;1 909 487 000;1 910 149 000;1 908 943 000;1 917 157 000;1 725 586 000;1 730 430 000;4,67%;2,43%;1,31%;3,25%;3,01%;6,37%;6,02%;8,30%;7,71%;6,89%;6,14%;5,54%;372,88%;373,98%;321,32%;152,79%;152,75%;143,86%;151,38%;136,66%;137,33%;141,55%;157,42%;149,48%;41,00%;45,44%;36,17%;6,97%;6,78%;6,60%;6,93%;8,46%;8,78%;7,77%;7,62%;7,04%;;;;;;0,08%;0,10%;0,12%;0,15%;0,18%;0,21%;0,25%;;;;;;0,33%;0,44%;0,59%;0,81%;1,05%;1,32%;1,63%
25;ПЕРВОМАЙСКИЙ (ПАО), БАНК;В состоянии банкротства;040349715;265 157 000;188 202 000;146 566 000;116 223 000;70 423 000;13 955 000;-62 532 000;-77 540 000;-73 630 000;-80 846 000;-77 183 000;12 417 000;1 873 000;591 000;583 000;1 017 000;382 000;6 000;31 000;431 000;1 646 000;230 000;0;532 000;0;0;0;0;0;0;0;0;0;0;0;0;8 648 406 000;8 649 977 000;8 551 132 000;8 541 738 000;8 593 447 000;8 826 367 000;9 057 919 000;9 027 753 000;9 136 333 000;9 205 340 000;9 072 810 000;9 227 597 000;975 078 000;992 025 000;859 847 000;900 605 000;970 588 000;996 503 000;1 149 733 000;1 127 640 000;1 200 219 000;1 297 167 000;1 146 807 000;1 298 059 000;111 926 000;113 915 000;185 189 000;171 816 000;118 775 000;110 836 000;117 268 000;116 683 000;125 288 000;107 755 000;207 613 000;187 805 000;7 501 484 000;7 483 133 000;7 446 029 000;7 413 362 000;7 456 564 000;7 653 526 000;7 723 161 000;7 727 202 000;7 754 595 000;7 715 429 000;7 691 147 000;7 673 836 000;0;0;0;0;0;0;0;0;0;0;0;0;0;0;0;0;0;0;0;0;0;0;0;0;1 495 230 000;1 522 397 000;1 577 391 000;1 589 373 000;1 627 402 000;1 692 751 000;1 779 900 000;1 767 845 000;1 763 622 000;1 715 905 000;1 710 781 000;1 721 919 000;1 176 016 000;1 098 489 000;1 066 289 000;1 036 692 000;990 718 000;935 150 000;860 822 000;847 280 000;852 468 000;849 156 000;855 574 000;850 322 000;18,59%;19,47%;20,17%;20,26%;21,26%;22,35%;24,03%;24,31%;24,41%;23,89%;22,72%;22,70%;124,98%;96,75%;133,70%;129,66%;132,08%;139,37%;147,13%;147,89%;159,42%;158,10%;144,47%;94,32%;26,93%;27,71%;28,22%;28,87%;30,21%;30,49%;31,87%;31,97%;32,81%;32,55%;31,44%;31,46%;;;;;;0,90%;0,92%;0,88%;0,77%;0,62%;0,46%;0,36%;;;;;;8,41%;8,90%;8,91%;8,13%;6,74%;5,27%;4,30%
26;РОСКОМСНАББАНК (ПАО);В состоянии банкротства;048073842;-2 320 000;36 387 000;9 921 000;185 993 000;62 197 000;75 536 000;117 272 000;148 834 000;199 981 000;243 298 000;-225 565 000;83 985 000;271 000;226 000;157 000;414 000;400 000;374 000;311 000;274 000;211 000;154 000;100 000;97 000;30 000 000;30 000 000;0;0;0;0;0;0;0;0;0;0;20 482 822 000;20 329 096 000;20 211 182 000;20 698 814 000;20 674 196 000;20 770 875 000;20 824 917 000;20 909 124 000;18 545 030 000;17 912 490 000;17 980 289 000;18 282 769 000;876 895 000;711 847 000;702 634 000;891 768 000;952 523 000;884 753 000;954 441 000;1 051 499 000;896 497 000;892 915 000;852 151 000;977 241 000;5 210 561 000;5 024 157 000;4 814 920 000;4 831 757 000;4 670 212 000;4 621 528 000;4 609 664 000;4 536 046 000;2 234 026 000;1 488 321 000;1 324 645 000;1 366 310 000;14 360 359 000;14 555 548 000;14 653 180 000;14 950 889 000;15 028 250 000;15 237 254 000;15 234 139 000;15 289 511 000;15 389 536 000;15 498 073 000;15 751 638 000;15 911 429 000;0;0;0;0;0;0;0;0;0;0;0;0;376 767 000;371 739 000;355 734 000;355 909 000;310 403 000;345 277 000;365 676 000;342 507 000;332 363 000;327 011 000;321 157 000;323 298 000;443 725 000;443 694 000;482 546 000;505 280 000;502 421 000;527 960 000;504 899 000;521 884 000;508 711 000;537 138 000;1 065 815 000;1 058 459 000;1 950 070 000;1 991 893 000;1 955 816 000;1 939 485 000;1 982 042 000;1 998 421 000;2 004 197 000;2 034 124 000;2 058 570 000;2 105 765 000;2 135 424 000;2 230 063 000;2,02%;1,95%;1,95%;2,00%;1,97%;2,00%;1,81%;1,90%;2,10%;2,26%;5,45%;5,31%;16,87%;16,18%;16,15%;16,06%;15,77%;14,85%;12,92%;12,17%;13,68%;13,11%;26,90%;31,03%;2,41%;2,23%;2,27%;2,23%;2,18%;2,30%;2,24%;2,23%;2,57%;2,54%;2,45%;2,45%;;;;;;0,87%;0,78%;0,70%;0,60%;0,51%;0,44%;0,38%;;;;;;9,93%;8,98%;8,02%;6,96%;5,90%;5,08%;4,28%
27;ПИР БАНК, ООО;В состоянии банкротства;044525491;14 123 000;76 528 000;25 247 000;54 404 000;45 359 000;41 478 000;42 037 000;127 373 000;153 402 000;53 108 000;138 259 000;11 883 000;2 000;2 000;2 000;2 000;2 000;2 000;1 300 000;3 158 000;0;0;0;0;0;0;0;0;0;0;0;0;0;0;0;0;5 719 404 000;5 639 035 000;4 977 755 000;4 981 613 000;5 015 278 000;4 610 258 000;3 515 320 000;3 103 597 000;2 870 732 000;2 840 611 000;2 663 254 000;2 608 509 000;1 714 987 000;1 729 037 000;1 227 377 000;1 244 457 000;1 256 349 000;972 740 000;844 567 000;503 723 000;440 613 000;425 638 000;577 098 000;569 695 000;980 856 000;931 594 000;846 247 000;890 094 000;859 414 000;880 062 000;132 263 000;379 918 000;322 766 000;335 074 000;58 663 000;58 663 000;3 022 323 000;2 974 903 000;2 902 175 000;2 846 557 000;2 899 185 000;2 756 836 000;2 537 746 000;2 207 764 000;2 107 234 000;2 079 394 000;2 026 602 000;1 979 557 000;0;0;0;0;0;0;0;0;0;0;0;0;0;28 396 000;0;68 982 000;67 077 000;69 993 000;75 609 000;73 572 000;73 276 000;75 654 000;70 658 000;70 082 000;1 536 173 000;1 473 299 000;1 559 145 000;1 579 745 000;1 620 168 000;1 658 088 000;1 664 458 000;1 540 710 000;1 413 367 000;1 492 689 000;1 351 544 000;1 321 246 000;1 135 148 000;1 219 412 000;1 147 125 000;1 153 725 000;1 134 932 000;1 128 977 000;1 113 066 000;1 112 388 000;1 024 755 000;1 010 148 000;1 107 761 000;1 105 048 000;29,68%;29,44%;31,68%;30,13%;29,47%;33,17%;38,62%;39,19%;40,58%;43,83%;43,33%;49,07%;115,92%;116,72%;115,29%;110,00%;110,41%;128,92%;126,37%;124,27%;141,79%;145,93%;154,16%;138,76%;14,69%;14,67%;14,21%;11,55%;10,90%;12,97%;8,62%;6,85%;12,99%;25,78%;26,19%;25,20%;;;;;;0,84%;0,77%;0,69%;0,67%;0,74%;0,78%;0,89%;;;;;;6,27%;5,73%;5,06%;4,80%;5,13%;5,29%;5,73%
28;ГЕЛЕНДЖИК-БАНК, ПАО;В состоянии банкротства;040395950;;;;;;;;;;;;;;;;;;;;;;;;;;;;;;;;;;;;;;;;;;;;;;;;;;;;;;;;;;;;;;;;;;;;;;;;;;;;;;;;;;;;;;;;;;;;;;;;;;;;;;;;;;;;;;;;;;;;;;;;;;;;;;;;;;;;;;;;;;;;;;;;;;;;;;;;;;;;;;;;;;;;;;;;;;;;;;;;;;;;;;;;;;;;;;;;
29;АКСОНБАНК, ООО КБ;В состоянии банкротства;043469714;23 808 000;34 116 000;36 274 000;38 132 000;28 674 000;32 948 000;35 156 000;37 237 000;39 757 000;43 136 000;74 337 000;-9 297 000;0;0;0;0;0;0;0;0;0;0;0;0;0;0;0;0;0;0;0;0;0;0;0;0;3 017 889 000;3 023 174 000;3 116 122 000;2 998 113 000;2 898 694 000;2 884 975 000;2 919 215 000;2 960 717 000;3 348 600 000;3 030 668 000;3 198 848 000;3 114 275 000;450 169 000;356 147 000;264 540 000;269 070 000;227 827 000;238 970 000;263 044 000;239 971 000;242 236 000;260 382 000;282 665 000;272 625 000;5 128 000;9 193 000;138 114 000;31 238 000;2 107 000;2 323 000;2 478 000;2 737 000;380 154 000;4 166 000;126 035 000;4 120 000;2 562 159 000;2 657 170 000;2 712 676 000;2 697 347 000;2 668 429 000;2 643 254 000;2 652 745 000;2 717 219 000;2 725 441 000;2 765 199 000;2 789 836 000;2 837 287 000;0;0;0;0;0;0;0;0;0;0;0;0;0;0;0;0;0;0;0;0;0;0;0;0;413 889 000;421 755 000;431 633 000;440 220 000;460 204 000;464 355 000;469 159 000;481 502 000;488 328 000;488 445 000;465 344 000;490 861 000;399 636 000;408 851 000;410 298 000;411 338 000;400 577 000;402 664 000;403 732 000;404 816 000;406 209 000;408 489 000;414 445 000;418 437 000;11,26%;11,25%;11,63%;11,65%;12,16%;12,71%;12,70%;13,12%;12,77%;13,02%;12,02%;12,69%;122,97%;124,63%;125,84%;118,62%;116,64%;116,94%;114,05%;110,57%;112,38%;95,89%;89,77%;83,24%;6,36%;6,42%;6,44%;6,39%;6,40%;6,64%;6,65%;6,72%;6,41%;5,90%;5,72%;5,74%;;;;;;-0,58%;-0,36%;-0,06%;0,22%;0,48%;0,72%;0,91%;;;;;;-5,59%;-3,45%;-0,58%;2,11%;4,62%;6,99%;8,81%
30;КАМЧАТКОМАГРОПРОМБАНК, ПАО;В состоянии банкротства;043002711;9 640 000;-8 934 000;7 541 000;3 419 000;8 006 000;19 083 000;19 989 000;22 927 000;16 303 000;18 113 000;33 064 000;16 865 000;0;0;0;0;0;0;0;0;0;0;0;0;0;0;0;0;0;0;0;0;0;0;0;0;2 909 348 000;3 102 619 000;2 661 622 000;2 520 008 000;2 737 526 000;2 498 911 000;2 436 415 000;2 783 683 000;2 895 880 000;3 049 533 000;3 581 748 000;3 426 281 000;1 179 317 000;1 399 902 000;1 008 929 000;870 432 000;1 129 646 000;983 088 000;917 502 000;1 380 020 000;1 420 909 000;1 661 623 000;1 637 482 000;1 543 117 000;22 424 000;18 000 000;1 255 000;255 000;5 255 000;6 245 000;6 245 000;6 305 000;1 845 000;255 000;27 606 000;2 106 000;1 694 971 000;1 670 076 000;1 639 826 000;1 628 277 000;1 599 951 000;1 498 901 000;1 505 249 000;1 392 610 000;1 424 758 000;1 355 021 000;1 876 096 000;1 880 583 000;0;0;0;0;0;0;0;0;0;0;0;0;0;0;0;0;0;0;0;0;0;0;0;0;129 369 000;144 685 000;128 136 000;136 712 000;136 207 000;136 606 000;144 555 000;150 788 000;165 379 000;170 428 000;160 731 000;153 408 000;824 634 000;808 150 000;823 121 000;819 480 000;814 045 000;825 333 000;826 030 000;826 848 000;819 892 000;821 803 000;855 700 000;870 333 000;8,65%;8,13%;7,50%;7,71%;7,67%;7,22%;7,43%;8,91%;9,54%;10,42%;9,23%;8,59%;135,60%;111,64%;136,03%;125,77%;100,18%;84,60%;85,58%;87,43%;115,23%;114,41%;110,96%;108,91%;3,38%;2,57%;2,16%;2,05%;2,09%;1,96%;1,83%;2,15%;2,08%;2,24%;2,47%;2,45%;;;;;;0,80%;0,71%;0,63%;0,55%;0,45%;0,34%;0,32%;;;;;;3,76%;3,37%;2,97%;2,56%;2,08%;1,58%;1,50%
31;ГАЗБАНК, АО АКБ;В состоянии банкротства;043601863;94 182 000;101 838 000;-8 560 000;-882 000;17 485 000;15 667 000;-128 054 000;-120 504 000;-126 607 000;-97 177 000;16 046 000;22 440 000;10 351 000;11 170 000;10 657 000;6 562 000;30 957 000;30 716 000;35 824 000;32 293 000;22 786 000;33 027 000;24 640 000;23 872 000;0;0;0;0;0;0;0;100 000 000;0;0;0;0;23 261 296 000;22 889 028 000;22 746 043 000;22 596 869 000;21 874 357 000;22 157 201 000;22 751 971 000;22 248 326 000;21 695 868 000;21 784 736 000;22 307 317 000;21 740 501 000;3 256 006 000;3 117 608 000;3 005 892 000;2 705 670 000;2 498 315 000;2 532 032 000;3 118 988 000;2 768 359 000;2 443 208 000;2 374 697 000;2 696 126 000;2 300 402 000;1 914 780 000;1 781 434 000;1 610 403 000;1 484 778 000;1 247 629 000;1 283 967 000;1 327 707 000;1 203 847 000;1 325 136 000;1 362 605 000;1 409 034 000;1 080 957 000;17 719 793 000;17 767 258 000;17 850 406 000;18 211 928 000;17 904 748 000;18 215 365 000;18 180 410 000;18 132 713 000;17 825 977 000;17 932 444 000;18 069 742 000;18 255 332 000;0;0;0;0;0;0;0;0;0;0;0;0;204 787 000;225 822 000;216 170 000;188 250 000;158 503 000;156 620 000;143 018 000;136 426 000;55 615 000;58 327 000;408 944 000;290 932 000;3 257 777 000;3 195 734 000;3 315 459 000;3 324 045 000;3 329 265 000;3 272 673 000;3 421 729 000;3 436 815 000;3 462 083 000;3 444 289 000;3 195 891 000;3 218 037 000;4 543 085 000;4 632 813 000;4 622 822 000;4 615 683 000;4 637 848 000;4 694 696 000;4 249 607 000;4 261 319 000;4 265 277 000;4 279 985 000;4 536 233 000;4 682 526 000;14,37%;14,07%;14,47%;14,42%;14,07%;13,55%;13,57%;13,83%;15,38%;15,12%;15,17%;15,13%;138,18%;137,88%;142,71%;141,57%;136,00%;134,23%;131,82%;143,25%;146,17%;147,20%;157,68%;151,48%;4,57%;4,57%;4,31%;4,26%;4,14%;3,97%;3,79%;4,01%;4,06%;3,93%;3,98%;3,92%;;;;;;0,18%;0,16%;0,13%;0,08%;0,03%;-0,03%;-0,06%;;;;;;1,14%;1,05%;0,84%;0,53%;0,17%;-0,20%;-0,41%
32;ДОНХЛЕББАНК, ПАО;В состоянии банкротства;046015761;-6 474 000;-28 609 000;-43 490 000;-51 027 000;-59 084 000;-75 492 000;-71 380 000;-59 393 000;-66 240 000;-52 420 000;1 039 000;-26 036 000;0;0;0;0;0;0;0;0;0;0;0;0;0;0;0;0;0;0;0;0;0;0;0;0;2 960 999 000;2 860 503 000;2 725 451 000;2 695 222 000;2 627 746 000;2 741 020 000;2 809 568 000;2 909 680 000;2 878 878 000;2 870 349 000;2 829 742 000;2 818 037 000;582 806 000;531 466 000;471 753 000;485 012 000;425 502 000;461 307 000;478 568 000;684 895 000;533 965 000;518 060 000;432 488 000;446 647 000;199 900 000;213 695 000;183 095 000;176 795 000;178 215 000;253 365 000;261 883 000;114 111 000;249 866 000;317 836 000;290 745 000;240 007 000;2 076 510 000;2 031 427 000;2 012 436 000;1 965 775 000;1 931 002 000;1 951 755 000;1 968 082 000;2 015 094 000;2 022 113 000;1 999 576 000;2 048 270 000;2 078 689 000;0;0;0;0;0;0;0;0;0;0;0;0;204 000;189 000;183 000;187 000;60 000;60 000;60 000;60 000;60 000;2 723 000;2 547 000;17 527 000;98 154 000;97 763 000;104 657 000;110 091 000;114 844 000;128 122 000;126 061 000;113 406 000;120 664 000;115 532 000;84 027 000;108 317 000;341 326 000;366 731 000;350 888 000;342 062 000;334 817 000;317 901 000;322 101 000;334 244 000;327 310 000;341 310 000;394 756 000;368 819 000;4,27%;4,34%;4,72%;4,95%;5,15%;5,57%;5,49%;4,95%;5,23%;5,01%;3,42%;3,36%;132,39%;134,37%;134,72%;136,39%;131,62%;129,80%;136,72%;138,12%;139,93%;136,67%;138,17%;136,09%;2,72%;2,75%;2,82%;2,56%;3,01%;2,90%;3,29%;2,62%;2,89%;2,56%;0,65%;0,90%;;;;;;-0,11%;-0,37%;-0,65%;-0,89%;-1,11%;-1,33%;-1,43%;;;;;;-1,08%;-3,60%;-6,36%;-8,75%;-10,89%;-12,99%;-13,78%
33;УРАЛКАПИТАЛБАНК, ООО;В состоянии банкротства;048073809;3 983 000;4 487 000;-46 009 000;-44 123 000;-24 445 000;-55 829 000;-60 716 000;-87 335 000;-82 147 000;-75 406 000;-12 472 000;1 527 000;0;0;0;0;0;0;0;0;0;0;0;0;0;0;0;0;0;0;0;0;0;0;0;0;5 390 828 000;5 260 955 000;5 225 900 000;5 312 969 000;5 261 861 000;5 130 189 000;5 212 803 000;5 333 856 000;5 264 447 000;5 267 822 000;5 208 482 000;5 297 809 000;206 950 000;276 228 000;144 746 000;224 990 000;236 733 000;165 120 000;255 838 000;224 097 000;163 676 000;172 470 000;95 231 000;185 530 000;271 300 000;71 300 000;71 300 000;70 000 000;70 000 000;70 000 000;70 000 000;70 700 000;70 700 000;73 000 000;89 364 000;79 200 000;4 911 791 000;4 913 210 000;5 009 349 000;5 017 682 000;4 954 746 000;4 894 719 000;4 886 718 000;5 038 718 000;5 029 720 000;5 021 908 000;5 023 536 000;5 032 776 000;220 000 000;220 000 000;220 000 000;220 000 000;220 000 000;220 000 000;220 000 000;220 000 000;220 000 000;220 000 000;220 000 000;220 000 000;0;0;9 000 000;0;0;1 700 000;0;0;0;0;0;0;308 182 000;314 726 000;374 814 000;386 416 000;386 972 000;432 384 000;453 343 000;505 793 000;526 675 000;530 691 000;501 571 000;541 162 000;771 873 000;755 638 000;751 367 000;751 588 000;772 745 000;841 365 000;836 416 000;809 588 000;815 054 000;821 916 000;978 189 000;972 928 000;6,32%;6,56%;7,66%;7,75%;7,51%;7,99%;8,01%;8,49%;8,79%;8,59%;7,69%;8,32%;130,27%;152,38%;141,18%;138,45%;133,75%;125,28%;118,11%;120,03%;112,53%;105,32%;106,29%;105,72%;4,85%;4,92%;4,68%;4,58%;4,42%;4,25%;4,38%;4,32%;4,28%;4,02%;3,74%;3,70%;;;;;;-1,00%;-0,91%;-0,85%;-0,80%;-0,74%;-0,68%;-0,65%;;;;;;-7,74%;-7,17%;-6,73%;-6,42%;-6,08%;-5,60%;-5,37%
34;БАНК ВОРОНЕЖ, АО;В состоянии банкротства;042007707;32 653 000;50 745 000;74 802 000;63 130 000;95 974 000;112 684 000;109 450 000;121 345 000;106 676 000;148 829 000;187 637 000;-36 896 000;549 000;452 000;1 099 000;810 000;548 000;1 804 000;2 214 000;2 626 000;2 738 000;3 028 000;3 957 000;1 105 000;8 900 000;8 900 000;91 973 000;459 218 000;531 956 000;637 335 000;1 138 395 000;1 076 468 000;1 190 243 000;1 338 344 000;1 388 354 000;1 394 885 000;4 804 032 000;4 835 854 000;4 527 291 000;4 638 343 000;4 543 525 000;4 639 204 000;4 636 137 000;4 633 055 000;4 517 630 000;4 653 599 000;4 843 687 000;4 686 633 000;436 860 000;642 894 000;313 813 000;348 473 000;348 716 000;372 636 000;459 036 000;425 297 000;353 855 000;389 003 000;362 628 000;387 623 000;349 834 000;281 938 000;359 371 000;349 130 000;264 011 000;311 471 000;235 441 000;326 201 000;222 451 000;223 911 000;429 667 000;333 397 000;4 013 657 000;3 906 894 000;3 849 240 000;3 934 192 000;3 920 515 000;3 947 342 000;3 935 027 000;3 870 795 000;3 931 201 000;4 030 889 000;4 036 940 000;3 953 701 000;0;0;0;0;0;0;0;0;0;0;0;0;1 282 000;1 283 000;1 239 000;1 238 000;1 202 000;1 046 000;1 039 000;1 040 000;1 037 000;1 035 000;992 000;992 000;231 069 000;218 572 000;222 969 000;250 116 000;252 243 000;255 204 000;264 904 000;273 820 000;305 785 000;287 505 000;276 728 000;347 123 000;882 329 000;884 158 000;903 111 000;904 152 000;934 417 000;938 464 000;947 856 000;960 116 000;968 681 000;1 004 290 000;1 032 522 000;1 007 525 000;6,12%;5,86%;5,85%;6,41%;6,76%;6,81%;6,75%;6,96%;7,68%;6,87%;7,25%;9,22%;100,19%;98,86%;96,19%;89,45%;96,58%;98,63%;92,88%;82,71%;79,61%;78,63%;77,39%;78,79%;0,23%;0,24%;0,00%;0,00%;0,01%;0,02%;0,20%;0,18%;0,00%;0,06%;0,13%;0,20%;;;;;;1,35%;1,34%;1,29%;1,23%;1,18%;1,12%;1,18%;;;;;;12,42%;12,18%;11,54%;10,83%;10,18%;9,53%;9,96%
35;РЕЗЕРВ (АО), БАНК;В состоянии банкротства;047501751;-41 759 000;-64 270 000;-62 375 000;-68 676 000;-34 737 000;-32 470 000;-31 690 000;-63 534 000;-65 315 000;-65 685 000;-48 492 000;-44 000;0;0;0;0;0;0;0;0;0;0;0;0;0;0;0;0;0;0;0;0;0;0;0;0;1 789 184 000;1 716 443 000;1 706 825 000;1 707 277 000;1 663 145 000;1 670 447 000;1 637 508 000;1 660 363 000;1 647 494 000;1 578 025 000;1 550 725 000;1 567 396 000;112 623 000;101 550 000;114 612 000;145 377 000;124 086 000;105 685 000;99 207 000;100 150 000;114 604 000;89 649 000;79 348 000;84 667 000;28 031 000;27 709 000;27 536 000;17 603 000;7 476 000;22 671 000;22 521 000;22 459 000;22 441 000;22 585 000;22 283 000;22 248 000;1 648 435 000;1 586 802 000;1 564 573 000;1 544 143 000;1 531 362 000;1 541 871 000;1 515 642 000;1 537 629 000;1 510 348 000;1 465 605 000;1 449 094 000;1 460 232 000;0;0;0;0;0;0;0;0;0;0;0;0;100 000;0;0;0;0;0;0;0;0;0;0;0;264 869 000;271 370 000;270 638 000;272 060 000;239 513 000;239 763 000;227 240 000;257 250 000;255 740 000;252 272 000;226 575 000;225 692 000;507 883 000;485 612 000;486 660 000;485 595 000;520 180 000;521 486 000;523 599 000;491 217 000;489 317 000;490 727 000;507 466 000;509 515 000;23,71%;24,25%;24,42%;25,65%;24,89%;25,16%;24,94%;29,00%;29,31%;29,71%;30,51%;31,17%;64,23%;67,34%;68,74%;66,27%;71,87%;71,47%;70,06%;70,75%;71,48%;74,44%;74,15%;74,22%;9,88%;10,30%;13,59%;14,25%;15,80%;15,62%;15,60%;15,79%;16,42%;17,42%;18,67%;19,49%;;;;;;-0,99%;-1,10%;-1,21%;-1,36%;-1,59%;-1,89%;-2,09%;;;;;;-4,73%;-5,29%;-5,86%;-6,64%;-7,84%;-9,34%;-10,34%
36;РУССОБАНК, АО АКБ;В состоянии банкротства;044525294;-711 000;20 207 000;56 978 000;41 665 000;31 305 000;69 717 000;72 039 000;58 815 000;62 361 000;103 910 000;113 793 000;-19 196 000;0;0;0;0;0;0;0;0;0;0;0;0;0;15 000 000;63 266 000;0;3 989 000;0;0;0;0;0;0;0;2 364 658 000;2 246 719 000;2 215 470 000;2 355 007 000;2 451 208 000;2 172 871 000;2 453 433 000;2 441 842 000;2 549 474 000;2 842 965 000;2 367 811 000;2 455 314 000;1 043 039 000;1 090 562 000;975 460 000;959 672 000;1 220 129 000;937 482 000;1 058 528 000;1 064 180 000;1 223 932 000;1 340 509 000;1 063 156 000;1 248 945 000;100 266 000;2 251 000;50 736 000;71 884 000;40 453 000;63 256 000;48 026 000;68 907 000;7 976 000;86 331 000;89 832 000;23 296 000;1 177 865 000;1 115 821 000;1 151 656 000;1 286 734 000;1 151 582 000;1 130 848 000;1 306 936 000;1 270 192 000;1 281 229 000;1 380 841 000;1 182 685 000;1 150 338 000;0;0;0;0;0;0;0;0;0;0;0;0;1 247 000;88 547 000;1 247 000;1 247 000;53 247 000;10 809 000;10 809 000;1 247 000;1 247 000;1 247 000;80 181 000;29 639 000;325 835 000;305 217 000;241 624 000;275 764 000;295 393 000;276 283 000;281 823 000;298 290 000;305 654 000;283 306 000;282 616 000;310 123 000;1 256 608 000;1 267 269 000;1 376 764 000;1 347 773 000;1 328 016 000;1 368 530 000;1 368 278 000;1 348 498 000;1 385 321 000;1 350 647 000;1 333 013 000;1 299 127 000;27,32%;25,61%;21,91%;24,04%;26,14%;23,84%;28,32%;28,95%;27,92%;19,86%;23,08%;23,91%;209,50%;244,15%;350,59%;396,22%;407,78%;432,20%;444,81%;432,53%;504,05%;448,83%;396,82%;426,06%;0,01%;0,03%;0,01%;4,21%;1,41%;2,94%;6,53%;8,99%;10,02%;8,88%;8,35%;8,34%;;;;;;0,99%;0,93%;0,86%;0,84%;0,81%;0,93%;1,22%;;;;;;3,26%;3,01%;2,71%;2,61%;2,53%;2,90%;3,81%
37;КРЫЛОВСКИЙ (АО), АКБ;В состоянии банкротства;040349569;7 367 000;1 284 000;-8 635 000;-12 105 000;-20 066 000;-2 502 000;-6 013 000;2 873 000;-3 411 000;7 361 000;7 730 000;24 237 000;0;0;0;0;0;0;0;0;0;0;0;0;0;0;0;0;0;0;0;0;0;0;0;0;2 956 263 000;2 730 565 000;2 487 781 000;2 409 781 000;2 440 320 000;2 473 517 000;2 570 805 000;2 527 909 000;2 582 389 000;2 643 480 000;2 641 200 000;2 702 094 000;250 845 000;212 083 000;177 942 000;148 815 000;194 046 000;221 164 000;281 416 000;240 189 000;226 224 000;221 510 000;190 495 000;217 579 000;99 043 000;99 043 000;99 043 000;99 043 000;99 043 000;99 043 000;99 043 000;99 043 000;99 043 000;99 043 000;99 043 000;99 043 000;2 574 379 000;2 402 034 000;2 177 788 000;2 138 199 000;2 121 602 000;2 134 258 000;2 178 424 000;2 174 916 000;2 239 301 000;2 305 802 000;2 330 628 000;2 364 696 000;0;0;0;0;0;0;0;0;0;0;0;0;0;0;0;0;0;0;0;0;0;0;0;0;96 421 000;93 365 000;113 448 000;108 800 000;91 469 000;99 285 000;100 020 000;109 895 000;129 413 000;127 551 000;114 189 000;114 006 000;426 106 000;418 587 000;413 273 000;408 991 000;405 743 000;420 841 000;429 879 000;433 754 000;418 652 000;423 379 000;427 956 000;459 907 000;9,59%;9,63%;11,56%;8,72%;6,77%;7,76%;8,03%;8,28%;8,15%;8,84%;11,04%;10,71%;209,43%;213,67%;208,15%;223,54%;196,38%;197,89%;193,91%;192,32%;176,04%;177,40%;176,06%;179,60%;8,19%;6,44%;6,21%;1,14%;1,16%;1,10%;1,05%;1,05%;0,65%;1,65%;0,61%;0,62%;;;;;;-0,52%;-0,52%;-0,42%;-0,30%;-0,16%;-0,09%;-0,07%;;;;;;-4,93%;-4,84%;-3,82%;-2,68%;-1,46%;-0,74%;-0,63%
38;ВЫБОРГ-БАНК, ПАО;В состоянии банкротства;044109722;7 793 000;9 731 000;8 413 000;11 852 000;8 708 000;-16 256 000;-234 358 000;;;;;;0;0;0;0;0;0;0;;;;;;0;0;0;0;0;0;0;;;;;;3 626 618 000;3 712 727 000;3 674 242 000;3 748 731 000;3 700 300 000;3 856 443 000;3 711 447 000;;;;;;447 451 000;481 234 000;371 178 000;436 228 000;428 884 000;430 140 000;355 911 000;;;;;;99 020 000;99 270 000;98 900 000;99 460 000;109 260 000;198 959 000;77 300 000;;;;;;3 076 486 000;3 130 038 000;3 191 811 000;3 209 688 000;3 152 129 000;3 219 225 000;3 268 451 000;;;;;;0;0;0;0;0;0;0;;;;;;0;0;0;0;0;0;0;;;;;;269 454 000;276 292 000;286 845 000;287 737 000;299 531 000;290 002 000;503 513 000;;;;;;413 983 000;415 571 000;413 133 000;463 547 000;459 980 000;434 544 000;124 949 000;;;;;;8,13%;8,28%;8,17%;7,57%;7,58%;7,46%;7,62%;;;;;;150,78%;154,53%;155,32%;157,26%;159,86%;159,72%;165,86%;;;;;;5,52%;6,61%;7,69%;7,79%;7,48%;6,56%;6,87%;;;;;;;;;;;0,57%;0,49%;;;;;;;;;;;5,87%;5,08%;;;;;
39;МАКСИМУМ, ОАО КБ;В состоянии банкротства;046015846;;;;;;;;;;;;;;;;;;;;;;;;;;;;;;;;;;;;;;;;;;;;;;;;;;;;;;;;;;;;;;;;;;;;;;;;;;;;;;;;;;;;;;;;;;;;;;;;;;;;;;;;;;;;;;;;;;;;;;;;;;;;;;;;;;;;;;;;;;;;;;;;;;;;;;;;;;;;;;;;;;;;;;;;;;;;;;;;;;;;;;;;;;;;;;;;
40;КОНСТАНС-БАНК, АО АКБ;В состоянии банкротства;044106770;-13 291 000;1 672 000;-3 827 000;1 836 000;1 296 000;-5 610 000;;;;;;;0;0;0;0;0;0;;;;;;;0;0;0;0;0;0;;;;;;;3 361 592 000;3 601 656 000;3 727 317 000;3 418 940 000;3 413 884 000;3 285 051 000;;;;;;;321 577 000;368 914 000;342 925 000;291 212 000;510 627 000;717 409 000;;;;;;;40 000 000;40 000 000;40 000 000;40 000 000;40 000 000;49 458 000;;;;;;;2 918 425 000;3 008 545 000;3 257 436 000;3 016 861 000;2 794 920 000;2 483 945 000;;;;;;;0;0;0;0;0;0;;;;;;;39 748 000;33 804 000;32 167 000;33 041 000;700 000;22 000 000;;;;;;;17 815 000;17 702 000;18 387 000;18 276 000;17 946 000;23 658 000;;;;;;;321 435 000;346 873 000;341 624 000;347 733 000;347 581 000;340 329 000;;;;;;;6,69%;6,82%;8,89%;8,76%;8,81%;14,37%;;;;;;;356,32%;360,21%;365,68%;368,54%;363,02%;375,92%;;;;;;;1,51%;2,48%;3,35%;4,14%;4,99%;6,02%;;;;;;;;;;;;0,26%;;;;;;;;;;;;2,81%;;;;;;
41;АРБ-ИНКАСС, НКО ООО;В состоянии банкротства;044525170;536 000;545 000;693 000;700 000;748 000;875 000;1 055 000;1 282 000;1 549 000;961 000;1 291 000;436 000;0;0;0;0;0;0;0;0;0;0;0;0;0;0;0;0;0;0;0;0;0;0;0;0;0;0;0;0;0;0;0;0;0;0;0;0;0;0;0;0;0;0;0;0;0;0;0;0;0;0;0;0;0;0;0;0;0;0;0;0;0;0;0;0;0;0;0;0;0;0;0;0;0;0;0;0;0;0;0;0;0;0;0;0;0;0;0;0;0;0;0;0;0;0;0;0;0;0;0;0;0;0;0;0;0;1 086 000;500 000;500 000;20 537 000;20 547 000;20 600 000;20 608 000;20 657 000;20 762 000;20 943 000;21 171 000;21 369 000;20 666 000;20 999 000;21 198 000;;;;;;;;;;;;;;;;;;;;;;;;;;;;;;;;;;;;;;;;;;3,55%;3,37%;3,38%;3,54%;3,78%;3,88%;3,98%;;;;;;5,57%;5,09%;4,79%;4,60%;4,52%;4,32%;4,30%
42;ЦЕНТРАЛЬНО-ЕВРОПЕЙСКИЙ БАНК, ООО КБ;В состоянии банкротства;047601205;44 142 000;49 472 000;-284 689 000;-374 863 000;-328 201 000;-501 109 000;-410 102 000;-522 430 000;-465 350 000;-478 719 000;-543 423 000;117 946 000;0;0;0;0;0;0;0;0;0;0;0;0;0;0;0;0;0;0;0;0;0;0;0;0;568 977 000;593 134 000;680 237 000;601 437 000;605 923 000;643 688 000;587 012 000;613 803 000;617 508 000;493 684 000;397 370 000;381 985 000;32 655 000;43 486 000;126 831 000;67 187 000;51 587 000;88 183 000;30 934 000;52 698 000;100 865 000;91 096 000;51 897 000;42 565 000;525 461 000;525 461 000;545 461 000;525 461 000;545 461 000;545 461 000;547 159 000;552 659 000;515 059 000;400 996 000;343 221 000;338 221 000;10 861 000;24 187 000;7 945 000;8 789 000;8 875 000;10 044 000;8 919 000;8 446 000;1 584 000;1 592 000;2 252 000;1 199 000;0;0;0;0;0;0;0;0;0;0;0;0;0;0;0;0;0;0;0;0;0;0;0;0;1 148 372 000;1 165 387 000;1 522 712 000;1 653 519 000;1 556 438 000;1 809 034 000;1 764 919 000;1 827 353 000;1 810 105 000;1 809 409 000;2 166 312 000;2 086 802 000;1 544 577 000;1 572 177 000;1 271 800 000;1 200 529 000;1 262 534 000;1 114 628 000;1 250 808 000;1 128 675 000;1 150 484 000;1 123 068 000;1 011 493 000;1 062 809 000;35,91%;36,49%;43,50%;43,40%;40,75%;39,02%;43,87%;47,15%;47,20%;46,56%;56,82%;56,82%;16,04%;15,39%;17,91%;17,33%;18,21%;17,74%;17,50%;17,87%;17,89%;18,91%;18,41%;18,45%;2,56%;2,49%;2,63%;3,40%;6,29%;6,14%;5,89%;5,24%;15,92%;16,16%;16,38%;16,50%;;;;;;-1,36%;-2,58%;-3,79%;-5,09%;-6,40%;-7,69%;-9,08%;;;;;;-3,22%;-6,22%;-9,34%;-12,92%;-16,81%;-20,83%;-25,48%
43;НОВАЦИЯ, ПАО АКБ;В состоянии банкротства;047908700;4 078 000;165 287 000;95 586 000;109 883 000;56 568 000;60 101 000;28 996 000;65 554 000;69 617 000;-68 698 000;-281 918 000;;0;0;0;0;0;0;0;0;0;0;0;;0;0;0;0;0;0;0;0;0;0;0;;1 912 774 000;1 853 138 000;1 842 156 000;1 876 508 000;1 837 179 000;1 877 362 000;1 928 611 000;1 993 393 000;1 974 409 000;2 061 540 000;1 770 662 000;;285 328 000;284 155 000;275 363 000;309 735 000;289 851 000;338 695 000;334 938 000;375 232 000;333 487 000;470 649 000;169 029 000;;25 937 000;25 937 000;25 655 000;25 880 000;25 880 000;1 880 000;1 880 000;1 879 000;2 143 000;2 193 000;1 793 000;;1 601 418 000;1 542 952 000;1 541 067 000;1 540 531 000;1 521 405 000;1 536 530 000;1 590 891 000;1 616 255 000;1 638 675 000;1 588 664 000;1 550 492 000;;0;0;0;0;0;0;0;0;0;0;0;;0;0;0;0;0;0;0;0;0;0;0;;214 661 000;263 057 000;340 354 000;335 133 000;347 364 000;353 632 000;355 897 000;329 622 000;334 535 000;478 176 000;586 205 000;;357 669 000;517 184 000;447 357 000;462 896 000;407 006 000;410 606 000;379 099 000;415 731 000;419 718 000;302 007 000;201 621 000;;8,23%;10,55%;14,28%;14,18%;15,00%;14,08%;13,38%;11,35%;11,73%;19,18%;23,55%;;140,52%;129,18%;129,41%;122,85%;121,58%;122,52%;115,87%;102,72%;99,33%;98,88%;91,49%;;3,20%;3,10%;2,91%;3,01%;3,73%;3,58%;3,80%;3,71%;3,84%;3,77%;6,04%;;;;;;;1,99%;2,10%;2,15%;2,21%;2,32%;2,18%;;;;;;;13,54%;14,17%;14,45%;14,70%;15,25%;14,38%;
44;АЛЖАН, ООО КБ;В состоянии банкротства;048209797;396 000;-7 902 000;-6 817 000;-6 079 000;-6 217 000;-7 430 000;-5 946 000;-5 945 000;-5 767 000;-7 375 000;-18 671 000;1 477 000;0;0;0;0;0;0;0;0;0;0;0;0;0;0;0;0;0;0;0;0;0;0;0;0;83 688 000;48 153 000;66 339 000;91 977 000;135 831 000;109 911 000;118 288 000;155 243 000;159 393 000;137 028 000;322 364 000;169 877 000;83 688 000;48 153 000;66 339 000;91 977 000;135 831 000;109 911 000;118 288 000;155 243 000;120 512 000;93 098 000;283 464 000;130 977 000;0;0;0;0;0;0;0;0;38 881 000;43 930 000;38 900 000;38 900 000;0;0;0;0;0;0;0;0;0;0;0;0;0;0;0;0;0;0;0;0;0;0;0;0;0;0;0;0;0;0;0;0;0;0;0;0;16 062 000;25 336 000;24 520 000;24 007 000;23 917 000;23 905 000;22 212 000;21 650 000;20 590 000;22 151 000;34 932 000;34 835 000;362 124 000;353 834 000;353 866 000;354 640 000;354 435 000;352 733 000;353 399 000;353 801 000;354 995 000;353 435 000;372 267 000;375 807 000;9,96%;15,92%;16,54%;16,36%;24,24%;24,38%;24,60%;18,48%;16,33%;17,68%;15,03%;15,26%;130,70%;134,58%;136,63%;137,07%;208,32%;210,29%;199,02%;177,67%;165,50%;170,66%;119,71%;121,01%;0,03%;0,03%;0,03%;0,03%;0,05%;0,40%;3,37%;10,21%;3,71%;6,02%;3,14%;2,36%;;;;;;1,30%;0,94%;0,53%;0,09%;-0,36%;-0,84%;-1,24%;;;;;;1,79%;1,28%;0,73%;0,13%;-0,50%;-1,18%;-1,76%
45;РАДИОТЕХБАНК, ПАО НКБ;В состоянии банкротства;042202773;-86 650 000;-105 156 000;-105 020 000;-104 482 000;-77 138 000;-71 718 000;-52 423 000;-31 025 000;-55 529 000;-41 042 000;-74 277 000;-179 605 000;0;0;0;0;0;0;0;0;0;0;0;0;160 032 000;200 032 000;117 348 000;57 348 000;57 348 000;168 064 000;210 064 000;170 064 000;38 356 000;168 356 000;168 356 000;159 127 000;2 801 187 000;3 133 677 000;2 974 650 000;3 001 594 000;3 404 829 000;3 364 065 000;3 306 797 000;3 630 537 000;3 563 226 000;3 842 929 000;3 318 538 000;2 878 699 000;325 817 000;330 201 000;276 497 000;348 062 000;454 820 000;417 329 000;390 689 000;458 164 000;467 098 000;497 794 000;281 227 000;293 997 000;709 230 000;813 022 000;846 321 000;750 555 000;948 113 000;924 427 000;876 012 000;1 116 518 000;1 045 332 000;1 293 295 000;934 950 000;445 637 000;1 764 241 000;1 988 459 000;1 849 713 000;1 901 311 000;2 000 084 000;2 020 732 000;2 038 588 000;2 054 035 000;2 049 373 000;2 049 481 000;2 099 257 000;2 137 048 000;0;0;0;0;0;0;0;0;0;0;0;0;0;0;0;0;0;0;6 700 000;11 065 000;64 350 000;71 500 000;16 040 000;2 000 000;241 595 000;251 980 000;259 337 000;259 572 000;260 863 000;266 322 000;254 234 000;237 489 000;267 600 000;254 095 000;304 170 000;491 914 000;708 889 000;690 530 000;687 078 000;708 742 000;697 580 000;720 484 000;737 332 000;759 940 000;735 286 000;747 832 000;714 102 000;526 336 000;8,46%;8,38%;8,97%;8,57%;7,88%;7,10%;6,55%;5,99%;6,14%;5,64%;5,89%;10,83%;143,07%;153,82%;160,22%;164,56%;151,45%;158,90%;155,03%;151,01%;149,41%;147,63%;159,68%;160,98%;2,48%;2,30%;2,38%;2,37%;2,12%;2,05%;2,06%;2,20%;2,28%;2,30%;2,52%;2,69%;;;;;;-0,91%;-1,11%;-1,27%;-1,37%;-1,47%;-1,58%;-1,69%;;;;;;-4,83%;-5,94%;-6,82%;-7,37%;-8,03%;-8,88%;-9,71%
46;АКЦИЯ ОАО, АКБ;В состоянии банкротства;042406707;-117 141 000;;;;;;;;;;;;0;;;;;;;;;;;;0;;;;;;;;;;;;442 870 000;;;;;;;;;;;;56 634 000;;;;;;;;;;;;3 800 000;;;;;;;;;;;;380 397 000;;;;;;;;;;;;0;;;;;;;;;;;;0;;;;;;;;;;;;266 119 000;;;;;;;;;;;;188 559 000;;;;;;;;;;;;31,53%;;;;;;;;;;;;125,81%;;;;;;;;;;;;4,77%;;;;;;;;;;;;;;;;;;;;;;;;;;;;;;;;;;;
47;СЕВЕРО-ЗАПАДНЫЙ 1 АЛЬЯНС БАНК АО, АКБ;В состоянии банкротства;044030807;-10 981 000;28 076 000;-5 514 000;-3 748 000;-22 563 000;2 622 000;9 559 000;9 220 000;8 009 000;1 786 000;-144 213 000;-16 044 000;1 907 000;113 814 000;118 840 000;114 410 000;13 214 000;6 211 000;7 605 000;479 000;118 000;1 763 000;509 000;83 000;300 000 000;345 706 000;247 773 000;204 523 000;134 523 000;34 523 000;34 523 000;34 523 000;34 523 000;34 523 000;34 523 000;34 523 000;607 568 000;244 113 000;186 264 000;167 505 000;145 269 000;167 877 000;145 044 000;117 780 000;115 072 000;111 563 000;104 805 000;98 713 000;153 435 000;119 217 000;69 096 000;54 160 000;36 720 000;54 267 000;35 237 000;10 650 000;11 357 000;7 638 000;8 517 000;1 376 000;395 555 000;114 951 000;110 089 000;110 383 000;106 948 000;111 710 000;108 888 000;106 457 000;103 146 000;103 391 000;95 836 000;96 771 000;58 430 000;9 918 000;7 079 000;2 962 000;1 601 000;1 900 000;919 000;673 000;569 000;534 000;452 000;566 000;0;0;0;0;0;0;0;0;0;0;0;0;0;0;0;0;0;0;0;0;0;0;0;0;322 514 000;190 756 000;223 617 000;221 689 000;184 079 000;199 997 000;192 522 000;190 086 000;186 515 000;187 877 000;325 315 000;338 132 000;477 152 000;516 542 000;483 185 000;484 995 000;466 369 000;491 690 000;498 870 000;414 794 000;477 158 000;471 458 000;318 132 000;302 756 000;27,46%;19,40%;26,58%;27,38%;23,27%;36,76%;39,41%;39,82%;39,23%;39,47%;55,80%;55,30%;210,91%;250,65%;253,68%;222,97%;235,94%;301,83%;252,44%;262,22%;266,49%;509,98%;691,28%;678,75%;21,67%;31,35%;39,43%;44,82%;49,94%;13,96%;12,66%;14,93%;18,56%;22,36%;36,34%;45,39%;;;;;;-0,23%;-0,32%;-0,27%;-0,16%;-0,02%;0,06%;-0,52%;;;;;;-0,87%;-1,14%;-0,87%;-0,48%;-0,06%;0,14%;-1,18%
48;ЗЛАТКОМБАНК, АО КБ;В состоянии банкротства;044525122;-7 945 000;3 243 000;-10 306 000;-21 128 000;908 000;-4 545 000;-5 037 000;1 136 000;-14 159 000;-4 774 000;1 073 000;-1 664 000;0;0;0;0;0;0;0;0;0;0;0;0;0;0;0;0;0;0;0;0;0;0;0;0;1 698 777 000;1 562 835 000;1 492 799 000;1 517 586 000;1 727 939 000;1 581 469 000;1 730 012 000;1 554 300 000;1 655 758 000;1 786 622 000;1 711 614 000;1 732 876 000;871 920 000;822 022 000;710 021 000;679 512 000;927 361 000;763 323 000;880 017 000;667 751 000;699 985 000;808 932 000;706 541 000;731 446 000;17 000 000;10 000 000;13 000 000;10 000 000;10 000 000;10 000 000;10 000 000;10 000 000;25 000 000;26 000 000;43 600 000;10 000 000;809 837 000;730 733 000;769 755 000;828 066 000;790 558 000;808 107 000;839 810 000;876 414 000;930 733 000;951 650 000;961 473 000;991 430 000;0;0;0;0;0;0;0;0;0;0;0;0;106 600 000;51 600 000;41 600 000;11 600 000;3 100 000;1 500 000;1 500 000;1 500 000;1 500 000;1 500 000;1 500 000;1 500 000;65 641 000;59 969 000;60 237 000;68 046 000;49 771 000;49 231 000;51 938 000;49 214 000;61 195 000;53 674 000;48 893 000;47 361 000;328 053 000;338 011 000;324 229 000;313 489 000;335 608 000;330 424 000;329 647 000;335 657 000;320 948 000;330 296 000;332 355 000;329 450 000;6,63%;6,71%;6,67%;6,85%;1,13%;1,03%;1,34%;1,13%;2,88%;1,91%;3,44%;3,68%;127,38%;125,92%;122,59%;124,65%;120,06%;121,08%;125,89%;130,02%;127,50%;145,96%;138,28%;155,84%;5,48%;6,06%;5,88%;6,01%;0,35%;0,78%;0,55%;0,86%;0,95%;0,68%;0,90%;0,96%;;;;;;-0,24%;-0,25%;-0,27%;-0,26%;-0,24%;-0,26%;-0,28%;;;;;;-1,60%;-1,63%;-1,79%;-1,70%;-1,53%;-1,68%;-1,76%
49;РУСКОБАНК, АО;В состоянии банкротства;044106725;-75 117 000;-19 474 000;-302 491 000;-641 141 000;;;;;;;;;0;0;0;0;;;;;;;;;0;0;0;0;;;;;;;;;7 780 793 000;7 845 329 000;7 625 386 000;7 275 598 000;;;;;;;;;707 600 000;741 149 000;646 762 000;418 803 000;;;;;;;;;365 243 000;365 388 000;365 290 000;364 341 000;;;;;;;;;6 683 215 000;6 712 574 000;6 587 130 000;6 425 493 000;;;;;;;;;0;0;0;0;;;;;;;;;0;0;0;0;;;;;;;;;585 847 000;538 556 000;703 231 000;984 551 000;;;;;;;;;874 899 000;414 836 000;1 132 011 000;677 028 000;;;;;;;;;13,47%;11,58%;12,17%;20,24%;;;;;;;;;194,96%;194,36%;194,31%;191,35%;;;;;;;;;34,40%;26,31%;26,15%;31,09%;;;;;;;;;;;;;;;;;;;;;;;;;;;;;;;;
50;РУССКИЙ НАЦИОНАЛЬНЫЙ БАНК, ООО;В состоянии банкротства;046015835;31 439 000;13 148 000;17 101 000;33 794 000;21 545 000;37 441 000;41 030 000;25 409 000;65 687 000;79 345 000;138 457 000;11 952 000;0;0;0;0;0;0;0;0;0;0;0;0;0;0;0;0;0;0;0;0;0;0;0;0;3 080 583 000;3 127 014 000;3 019 240 000;3 150 347 000;3 203 521 000;4 182 343 000;4 220 709 000;4 566 221 000;4 160 944 000;4 089 414 000;3 536 035 000;4 056 071 000;336 938 000;482 486 000;550 831 000;548 076 000;546 785 000;433 964 000;427 544 000;684 585 000;540 695 000;518 238 000;372 047 000;1 029 899 000;2 218 830 000;2 108 639 000;2 005 066 000;2 123 161 000;2 128 873 000;3 202 533 000;3 159 163 000;3 177 048 000;2 908 014 000;2 816 318 000;2 406 039 000;2 252 788 000;524 750 000;535 879 000;463 325 000;479 082 000;527 826 000;545 833 000;633 991 000;704 558 000;712 235 000;754 853 000;757 942 000;773 384 000;0;0;0;0;0;0;0;0;0;0;0;0;0;0;0;0;0;0;0;0;0;0;0;0;35 360 000;60 802 000;70 513 000;77 157 000;94 736 000;96 518 000;100 158 000;127 477 000;101 726 000;104 960 000;59 706 000;61 716 000;869 887 000;825 715 000;826 663 000;847 707 000;828 758 000;853 599 000;850 170 000;828 473 000;868 418 000;887 946 000;933 910 000;923 341 000;0,81%;1,51%;1,81%;1,93%;2,76%;2,12%;2,25%;2,90%;2,21%;2,32%;1,33%;1,35%;168,48%;171,52%;103,54%;115,12%;124,28%;101,18%;99,65%;92,94%;102,11%;100,06%;117,50%;132,00%;0,00%;0,00%;0,00%;0,00%;0,00%;0,91%;5,53%;5,42%;6,69%;8,48%;8,71%;8,96%;;;;;;1,94%;1,76%;1,56%;1,31%;1,07%;0,87%;0,90%;;;;;;9,09%;8,32%;7,51%;6,48%;5,45%;4,52%;4,69%
51;СПУРТ (ПАО), АКБ;В состоянии банкротства;049205858;8 246 000;12 692 000;21 973 000;28 286 000;37 091 000;6 313 000;-11 570 000;-52 000;3 442 000;20 197 000;14 083 000;6 003 000;7 000;7 000;9 000;1 000;82 000;88 000;91 000;92 000;87 000;90 000;102 000;108 000;3 643 014 000;3 490 244 000;3 365 817 000;3 505 412 000;3 452 420 000;3 994 228 000;4 529 393 000;5 464 189 000;5 090 863 000;5 065 969 000;2 582 324 000;4 778 413 000;15 600 664 000;15 927 841 000;15 364 984 000;15 856 988 000;15 779 411 000;15 544 465 000;15 896 021 000;15 925 600 000;15 906 128 000;15 950 682 000;16 601 878 000;15 837 122 000;1 873 973 000;2 119 192 000;1 606 785 000;2 134 420 000;1 802 894 000;1 472 210 000;1 733 482 000;1 784 163 000;1 570 146 000;1 775 581 000;2 097 777 000;2 217 268 000;2 548 433 000;2 662 678 000;2 636 625 000;2 603 303 000;2 579 880 000;2 543 726 000;2 512 832 000;2 334 092 000;2 312 646 000;2 073 878 000;2 575 215 000;1 766 106 000;11 177 218 000;11 145 318 000;11 119 524 000;11 115 932 000;11 393 816 000;11 523 894 000;11 641 521 000;11 794 453 000;12 015 358 000;12 095 530 000;11 923 402 000;11 848 755 000;0;0;0;0;0;0;0;0;0;0;0;0;0;0;0;0;0;138 498 000;138 498 000;118 498 000;121 848 000;121 848 000;124 348 000;134 848 000;901 679 000;912 550 000;933 222 000;947 173 000;972 302 000;1 062 653 000;1 081 531 000;1 102 444 000;1 118 571 000;1 031 689 000;1 050 061 000;1 055 875 000;2 982 637 000;2 957 798 000;2 973 866 000;2 992 747 000;2 978 751 000;2 978 967 000;2 966 044 000;2 947 947 000;2 944 915 000;2 939 609 000;2 896 477 000;2 875 615 000;3,76%;3,78%;3,86%;3,93%;4,01%;4,52%;4,69%;4,69%;4,65%;4,29%;4,24%;4,18%;95,30%;96,36%;95,99%;95,58%;96,38%;97,02%;97,19%;95,39%;93,95%;92,85%;91,79%;92,02%;3,74%;3,72%;3,69%;3,71%;3,59%;3,66%;3,74%;3,69%;3,72%;3,48%;3,37%;3,34%;;;;;;0,19%;0,18%;0,16%;0,13%;0,10%;0,07%;0,05%;;;;;;1,51%;1,45%;1,28%;1,04%;0,80%;0,54%;0,42%
52;АКЦЕНТ, ПАО АКБ;В состоянии банкротства;045339827;-9 538 000;-17 716 000;-17 590 000;-10 789 000;-14 614 000;-14 086 000;-20 030 000;-23 650 000;-75 448 000;-82 909 000;-101 145 000;-4 273 000;0;0;0;0;0;0;0;0;0;0;0;0;0;0;0;0;0;0;0;0;0;0;0;0;1 675 465 000;1 764 582 000;1 590 548 000;1 460 991 000;1 390 527 000;1 378 017 000;1 278 904 000;1 344 757 000;1 314 233 000;1 356 048 000;1 388 785 000;1 366 364 000;427 642 000;513 582 000;393 441 000;323 644 000;307 594 000;316 511 000;277 609 000;361 204 000;394 906 000;443 308 000;430 604 000;455 400 000;257 275 000;255 055 000;235 000 000;235 000 000;235 000 000;235 000 000;235 000 000;235 000 000;235 000 000;235 000 000;245 000 000;235 000 000;989 784 000;995 732 000;962 105 000;902 210 000;847 877 000;826 494 000;766 285 000;748 374 000;684 319 000;677 408 000;713 167 000;675 964 000;0;0;0;0;0;0;0;0;0;0;0;0;0;0;0;0;0;0;0;0;0;0;0;0;114 956 000;114 309 000;114 327 000;109 462 000;111 688 000;107 863 000;110 858 000;110 248 000;147 997 000;149 878 000;150 650 000;152 425 000;420 813 000;412 679 000;416 634 000;423 828 000;419 985 000;420 923 000;415 325 000;412 099 000;420 589 000;413 451 000;394 498 000;389 529 000;6,80%;6,79%;6,55%;5,66%;6,32%;6,35%;6,25%;6,23%;10,29%;10,13%;10,82%;11,21%;210,20%;198,90%;192,35%;181,27%;184,90%;200,21%;196,49%;201,46%;204,05%;196,81%;216,51%;209,34%;1,81%;1,86%;1,85%;3,91%;3,97%;5,18%;4,82%;4,71%;6,47%;7,65%;8,73%;8,94%;;;;;;-1,25%;-1,17%;-1,11%;-1,07%;-1,14%;-1,35%;-1,72%;;;;;;-5,64%;-5,29%;-4,99%;-4,73%;-5,03%;-5,87%;-7,39%
53;УМУТ, ООО РНКО;В состоянии банкротства;048209870;14 000;22 000;70 000;69 000;80 000;89 000;386 000;238 000;388 000;457 000;618 000;-162 000;0;0;0;0;0;0;0;0;0;0;0;0;0;0;0;0;0;0;0;0;0;0;0;0;48 156 000;58 851 000;34 268 000;26 598 000;26 406 000;30 257 000;60 195 000;28 946 000;66 784 000;54 550 000;65 375 000;53 985 000;47 925 000;58 639 000;34 056 000;26 386 000;26 245 000;30 096 000;60 044 000;27 659 000;66 200 000;53 990 000;65 375 000;53 974 000;0;0;0;0;0;0;0;0;0;0;0;0;0;0;0;0;0;0;0;0;0;0;0;0;0;0;0;0;0;0;0;0;0;0;0;0;0;0;0;0;0;0;0;0;0;0;0;0;69 000;69 000;69 000;69 000;69 000;69 000;69 000;69 000;69 000;69 000;69 000;69 000;43 137 000;43 140 000;43 188 000;43 187 000;43 187 000;43 196 000;43 493 000;43 313 000;43 463 000;43 532 000;43 617 000;43 455 000;;;;;;;;;;;;;;;;;;;;;;;;;;;;;;;;;;;;;;;;;;0,12%;0,12%;0,13%;0,14%;0,15%;0,17%;0,22%;;;;;;0,24%;0,23%;0,25%;0,28%;0,31%;0,36%;0,45%
54;СОВЕТСКИЙ, АО БАНК;В состоянии банкротства;044030772;-194 794 000;-278 074 000;-319 622 000;-413 789 000;-1 193 475 000;-1 180 468 000;-1 535 725 000;-1 733 693 000;-1 994 819 000;-2 330 824 000;;;6 370 000;7 717 000;7 927 000;4 450 000;5 899 000;5 756 000;4 614 000;3 777 000;4 198 000;1 000;;;0;0;0;0;0;0;0;0;0;0;;;28 566 533 000;36 508 096 000;36 874 307 000;37 603 597 000;38 231 734 000;39 078 699 000;39 480 274 000;40 310 150 000;41 278 467 000;42 254 273 000;;;121 333 000;109 476 000;82 995 000;86 062 000;93 960 000;200 807 000;200 833 000;225 605 000;121 112 000;154 303 000;;;4 214 726 000;12 002 694 000;11 936 330 000;11 915 223 000;11 911 427 000;11 792 075 000;11 608 265 000;11 652 876 000;11 658 413 000;11 674 909 000;;;24 230 134 000;24 395 722 000;24 852 971 000;25 601 728 000;26 225 992 000;27 084 915 000;27 670 901 000;28 431 253 000;29 498 348 000;30 423 687 000;;;0;0;0;0;0;0;0;0;0;0;;;0;0;0;0;0;0;0;0;0;0;;;6 033 388 000;5 910 497 000;5 853 466 000;5 907 473 000;6 556 084 000;6 651 116 000;6 875 844 000;6 903 093 000;6 971 521 000;7 119 456 000;;;-68 340 000;-208 804 000;-34 943 000;-214 841 000;-1 765 712 000;-1 732 570 000;-2 444 352 000;-2 813 676 000;-3 296 675 000;-3 945 966 000;;;30,44%;30,67%;31,01%;31,40%;34,76%;35,39%;37,32%;37,86%;38,27%;38,72%;;;132,60%;135,29%;136,29%;135,89%;136,54%;135,56%;136,32%;136,27%;136,05%;138,34%;;;10,21%;11,33%;13,62%;16,29%;17,69%;18,46%;19,82%;22,48%;23,85%;25,08%;;;;;;;;-2,30%;-2,41%;-2,57%;-2,57%;-2,39%;;;;;;;;-337,42%;440,79%;143,89%;102,59%;87,26%;;
55;КАПИТАЛБАНК (ПАО), АКБ;В состоянии банкротства;046015728;;;;;;;;;;;;;;;;;;;;;;;;;;;;;;;;;;;;;;;;;;;;;;;;;;;;;;;;;;;;;;;;;;;;;;;;;;;;;;;;;;;;;;;;;;;;;;;;;;;;;;;;;;;;;;;;;;;;;;;;;;;;;;;;;;;;;;;;;;;;;;;;;;;;;;;;;;;;;;;;;;;;;;;;;;;;;;;;;;;;;;;;;;;;;;;;
56;К2 БАНК (АО);В состоянии банкротства;049133849;-181 891 000;43 031 000;8 834 000;11 371 000;8 490 000;29 315 000;66 382 000;95 675 000;77 013 000;89 992 000;106 099 000;-34 541 000;0;0;0;0;0;0;0;0;0;0;0;0;0;0;0;0;0;0;0;0;0;0;0;0;912 506 000;975 150 000;962 005 000;930 936 000;940 994 000;919 378 000;919 448 000;924 442 000;922 005 000;894 427 000;1 032 287 000;976 909 000;72 278 000;137 071 000;123 909 000;93 233 000;103 636 000;82 034 000;68 022 000;65 372 000;73 340 000;46 526 000;180 043 000;124 744 000;840 212 000;838 056 000;838 056 000;837 649 000;837 290 000;837 290 000;851 354 000;858 986 000;848 580 000;847 837 000;852 163 000;852 163 000;2 000;2 000;2 000;2 000;2 000;2 000;2 000;2 000;2 000;2 000;2 000;2 000;0;0;0;0;0;0;0;0;0;0;0;0;0;0;0;0;0;0;0;0;0;0;0;0;648 683 000;468 936 000;527 998 000;565 441 000;613 977 000;608 008 000;649 923 000;641 319 000;650 488 000;650 368 000;694 760 000;528 406 000;2 311 542 000;2 163 963 000;2 164 070 000;2 166 364 000;2 063 025 000;2 038 569 000;2 064 280 000;2 082 080 000;2 066 192 000;2 069 002 000;2 077 594 000;2 029 865 000;19,79%;15,52%;16,10%;13,04%;16,11%;16,24%;18,73%;19,12%;19,23%;20,90%;17,32%;17,35%;0,77%;27,18%;28,03%;28,05%;28,17%;28,24%;28,23%;28,19%;28,53%;28,71%;22,15%;22,12%;0,23%;0,27%;0,26%;0,98%;1,01%;1,15%;1,57%;2,01%;2,49%;2,67%;2,19%;2,20%;;;;;;1,81%;1,53%;1,25%;1,00%;0,76%;0,52%;0,76%;;;;;;2,49%;2,10%;1,71%;1,38%;1,05%;0,72%;1,05%
57;ЕВРОКАПИТАЛ-АЛЬЯНС, ООО КБ;В состоянии банкротства;047888750;43 369 000;67 488 000;162 984 000;204 410 000;112 782 000;137 971 000;161 708 000;198 940 000;228 941 000;367 978 000;400 356 000;55 508 000;0;0;0;0;0;0;0;0;0;0;0;0;0;0;0;0;0;0;0;0;0;0;0;0;734 337 000;884 398 000;805 309 000;648 186 000;761 643 000;939 944 000;1 239 557 000;1 086 521 000;769 073 000;846 907 000;934 810 000;817 629 000;316 934 000;295 902 000;320 111 000;158 946 000;269 398 000;433 969 000;136 961 000;359 393 000;206 810 000;299 639 000;373 915 000;237 123 000;416 046 000;587 550 000;485 000 000;489 064 000;491 867 000;490 613 000;1 085 286 000;709 158 000;546 813 000;530 936 000;539 099 000;535 613 000;1 353 000;942 000;194 000;174 000;377 000;15 362 000;17 310 000;17 970 000;15 450 000;16 332 000;21 796 000;44 893 000;0;0;0;0;0;0;0;0;0;0;0;0;0;0;0;0;0;0;0;0;0;0;15 000 000;15 000 000;504 692 000;508 766 000;452 608 000;451 614 000;575 360 000;590 578 000;603 593 000;601 515 000;598 204 000;497 317 000;520 039 000;506 517 000;1 437 041 000;1 442 642 000;1 523 234 000;1 559 231 000;1 462 426 000;1 476 961 000;1 493 938 000;1 524 758 000;1 546 630 000;1 679 204 000;1 704 386 000;1 752 064 000;20,75%;21,15%;17,35%;16,37%;21,10%;20,67%;19,20%;20,42%;20,34%;14,77%;14,63%;15,86%;9,61%;9,53%;15,66%;23,43%;24,94%;24,54%;27,95%;29,66%;30,17%;33,40%;32,63%;29,26%;3,09%;3,08%;3,07%;3,03%;2,94%;2,88%;2,66%;2,84%;2,87%;2,76%;2,62%;2,75%;;;;;;3,52%;3,65%;3,83%;4,07%;4,32%;4,85%;5,78%;;;;;;6,59%;6,96%;7,46%;8,06%;8,59%;9,58%;11,36%
;;;;;;;;;;;;;;;;;;;;;;;;;;;;;;;;;;;;;;;;;;;;;;;;;;;;;;;;;;;;;;;;;;;;;;;;;;;;;;;;;;;;;;;;;;;;;;;;;;;;;;;;;;;;;;;;;;;;;;;;;;;;;;;;;;;;;;;;;;;;;;;;;;;;;;;;;;;;;;;;;;;;;;;;;;;;;;;;;;;;;;;;;;;;;;;;;;;
Отчет подготовлен Системой СПАРК. 06.04.2019 15:20:32 МСК;;;;;;;;;;;;;;;;;;;;;;;;;;;;;;;;;;;;;;;;;;;;;;;;;;;;;;;;;;;;;;;;;;;;;;;;;;;;;;;;;;;;;;;;;;;;;;;;;;;;;;;;;;;;;;;;;;;;;;;;;;;;;;;;;;;;;;;;;;;;;;;;;;;;;;;;;;;;;;;;;;;;;;;;;;;;;;;;;;;;;;;;;;;;;;;;;;;
